Date,InterestRate,Inflation,Unemployment,Wage,Consumption,M2,M1,Treasury10Yr,BAA,Oil,Gold
1/1/1965,3.90,1.5576323988,4.9,3.2,6.9720614145,8.2102628285,4.6865104497,4.19,0.90,-1.6835016835,0
2/1/1965,3.98,1.5576323988,5.1,3.6,7.8113301722,8.1740442656,4.1585445094,4.21,0.80,-1.6835016835,0
3/1/1965,4.04,1.2422360248,4.7,4,7.8280318091,8.3479568814,4.4415414762,4.21,0.74,-1.6835016835,0
4/1/1965,4.09,1.5527950311,4.8,3.5856573705,8.477937531,8.3996023857,4.7680412371,4.20,0.71,-1.6835016835,0
5/1/1965,4.10,1.5527950311,4.6,3.9682539683,7.1393643032,8.0737602791,3.9292730845,4.21,0.71,-1.6835016835,0
6/1/1965,4.04,1.2383900929,4.6,3.557312253,5.8023792183,8.1667900321,4.2884990253,4.21,0.81,-1.6835016835,0
7/1/1965,4.09,1.2383900929,4.4,3.95256917,6.2815884477,8.0136818959,4.0514469453,4.20,0.79,0,0
8/1/1965,4.12,1.5527950311,4.4,3.95256917,6.3829787234,7.8326441255,3.6655948553,4.25,0.76,0,0
9/1/1965,4.01,1.5479876161,4.3,3.515625,8.4851390221,7.8662496993,3.865652725,4.29,0.90,0,0
10/1/1965,4.08,1.5432098765,4.2,4.7058823529,9.2574964303,8.0257204096,4.2579837195,4.35,0.85,0,0
11/1/1965,4.10,1.2307692308,4.1,3.8910505837,10.2662508995,7.9924331993,4.0841584158,4.45,0.85,0,0
12/1/1965,4.32,1.5384615385,4,3.8910505837,9.6537001898,8.1251459258,4.6694966646,4.62,0.70,0,0
1/1/1966,4.42,0.9202453988,4,4.2635658915,9.6,8.0499653019,5.1421657592,4.61,0.64,0,0
2/1/1966,4.60,1.226993865,3.8,4.2471042471,9.0046296296,7.8121367124,5.1777916407,4.83,0.52,0,0
3/1/1966,4.65,1.5337423313,3.8,3.8461538462,9.6335561189,7.7973160574,5.5034396498,4.87,0.67,0,0
4/1/1966,4.67,1.8348623853,3.8,4.2307692308,9.1407678245,7.7716643741,6.0270602706,4.75,0.74,0,0
5/1/1966,4.90,2.1406727829,3.9,3.8167938931,8.1241442264,7.4936592114,5.8601134216,4.78,0.58,0,0
6/1/1966,5.17,2.4464831804,3.8,3.8167938931,9.2703074805,7.1167883212,5.9190031153,4.81,0.41,0,0
7/1/1966,5.30,2.752293578,3.8,4.1825095057,8.9673913043,6.3786473648,4.5735475896,5.02,0.38,0,0
8/1/1966,5.53,3.0581039755,3.8,3.8022813688,8.7191011236,6.0455673359,4.4044665012,5.22,0.30,0,0
9/1/1966,5.40,3.0487804878,3.7,4.1509433962,8.2412726469,5.8429973238,4.3929225137,5.18,0.69,1.7123287671,0
10/1/1966,5.53,3.3434650456,3.7,4.1198501873,6.5127423219,5.1366843034,3.0630630631,5.01,0.57,1.7123287671,0
11/1/1966,5.76,3.6474164134,3.6,4.1198501873,6.7435283881,4.6857893584,2.7942925089,5.16,0.37,1.7123287671,0
12/1/1966,5.40,3.3333333333,3.8,4.1198501873,6.5541855938,4.4482833081,2.4913093859,4.84,0.78,1.7123287671,0
1/1/1967,4.94,3.6474164134,3.9,3.717472119,6.2473164448,4.1318775423,1.6110471807,4.58,1.03,1.7123287671,0
2/1/1967,5.00,3.6363636364,3.8,4.0740740741,4.8417923126,4.291567824,1.7793594306,4.63,0.82,2.7397260274,0
3/1/1967,4.53,3.6253776435,3.8,3.7037037037,4.3935253311,4.7649710238,2.489626556,4.54,1.32,2.7397260274,0
4/1/1967,4.05,3.3033033033,3.8,3.6900369004,5.1298157454,4.8500319081,1.3341067285,4.59,1.78,2.7397260274,0
5/1/1967,3.94,3.2934131737,3.8,4.0441176471,6.1629379485,5.812955813,2.5595238095,4.85,2.02,2.7397260274,0
6/1/1967,3.98,3.2835820896,3.9,4.7794117647,6.5728685426,6.6652470187,3.2941176471,5.02,2.17,2.7397260274,0
7/1/1967,3.79,3.2738095238,3.8,4.3795620438,5.4447215295,7.6334254731,4.7281323877,5.16,2.47,2.7397260274,0
8/1/1967,3.90,3.2640949555,3.8,4.7619047619,5.5188094254,8.1897468624,5.2881758764,5.28,2.43,5.1369863014,0
9/1/1967,3.99,3.550295858,3.8,4.7101449275,5.3888548683,8.3438685209,5.0847457627,5.30,2.41,3.367003367,0
10/1/1967,3.88,3.5294117647,4,4.3165467626,4.8875255624,8.8907527784,6.0023310023,5.48,2.64,3.367003367,0
11/1/1967,4.13,3.5190615836,3.9,4.6762589928,5.5838597921,9.098514955,6.3042220937,5.75,2.59,3.367003367,0
12/1/1967,4.51,3.8123167155,3.8,4.6762589928,6.7397482745,9.1585693612,6.5008479367,5.70,2.42,3.367003367,0
1/1/1968,4.60,4.1055718475,3.7,5.376344086,7.3954334209,9.3544407895,7.1347678369,5.53,2.24,3.367003367,0
2/1/1968,4.71,4.0935672515,3.8,4.9822064057,8.2033623658,9.2018196857,6.6433566434,5.56,2.09,2.3333333333,0
3/1/1968,5.05,4.3731778426,3.7,5.7142857143,9.7261377366,8.9121081746,6.1307113939,5.74,1.80,2.3333333333,0
4/1/1968,5.76,4.3604651163,3.5,6.0498220641,8.4644493129,8.9267599919,7.2123640527,5.64,1.21,2.3333333333,0
5/1/1968,6.11,4.347826087,3.5,6.0070671378,9.4234592445,8.5343604298,7.1387115496,5.87,0.92,2.3333333333,0
6/1/1968,6.07,4.6242774566,3.7,5.6140350877,9.7142857143,8.2451587143,7.1753986333,5.72,1.00,2.3333333333,0
7/1/1968,6.02,4.8991354467,3.7,5.9440559441,11.1154907371,7.9020150138,7.1106094808,5.50,0.96,2.3333333333,0
8/1/1968,6.03,4.8850574713,3.5,5.9440559441,11.1851126347,7.6681085332,6.9413092551,5.42,0.79,0,0
9/1/1968,5.78,4.8571428571,3.4,6.2283737024,10.1685066822,7.5651497472,6.7296996663,5.46,1.01,0,0
10/1/1968,5.91,4.8295454545,3.4,6.2068965517,11.5812049132,7.5486231465,6.7619571193,5.58,0.93,0,0
11/1/1968,5.82,5.0991501416,3.4,6.529209622,11.4456668597,7.8412576687,7.5081610446,5.70,1.19,0,0
12/1/1968,6.02,5.0847457627,3.4,6.529209622,9.7755800685,7.8977272727,7.6433121019,6.03,1.21,0,0
1/1/1969,6.30,5.0704225352,3.4,6.1224489796,9.9153339605,7.8210189885,7.7167019027,6.04,1.02,0,0
2/1/1969,6.61,5.3370786517,3.4,6.4406779661,10.3519281168,7.763681121,7.8142076503,6.19,0.69,0,0
3/1/1969,6.79,5.5865921788,3.4,6.4189189189,8.2216920536,7.7501881114,7.7929155313,6.30,0.72,5.8631921824,0
4/1/1969,7.41,6.1281337047,3.4,6.3758389262,9.1994124128,7.5433041535,7.5814201815,6.17,0.13,9.1205211726,0
5/1/1969,8.67,6.1111111111,3.4,6.3333333333,9.2114825581,7.1161748226,6.9339111593,6.32,-1.15,9.1205211726,14.3026862913
6/1/1969,8.90,5.8011049724,3.5,6.3122923588,8.0639367816,6.7318332719,6.3761955367,6.57,-1.20,9.1205211726,6.8059011189
7/1/1969,8.61,5.7692307692,3.5,6.2706270627,7.0415040795,6.2980593189,6.0063224447,6.72,-0.77,9.1205211726,0.805487987
8/1/1969,9.19,5.7534246575,3.5,6.600660066,7.6109936575,5.6245434624,5.2770448549,6.69,-1.33,9.1205211726,5.628024637
9/1/1969,9.15,5.9945504087,3.7,6.5146579805,7.9641350211,5.098535527,4.8462741011,7.16,-1.10,9.1205211726,4.9977482145
10/1/1969,9.00,5.9620596206,3.7,6.4935064935,8.2299493273,4.5120859445,4.4799176107,7.10,-0.78,9.1205211726,1.6467229887
11/1/1969,8.85,5.9299191375,3.5,6.4516129032,7.6203671631,3.9644444444,3.7449392713,7.14,-0.60,9.1205211726,3.2295622765
12/1/1969,8.97,6.1827956989,3.5,6.4516129032,8.0561330561,3.5808320169,3.2051282051,7.65,-0.32,9.1205211726,-5.8894938375
1/1/1970,8.98,6.1662198391,3.9,6.0897435897,7.7713111948,3.2258064516,3.4347399411,7.79,-0.12,9.1205211726,-14.4073317986
2/1/1970,8.98,6.1333333333,4.2,6.050955414,7.7014418999,2.5127394131,2.3821591485,7.24,-0.20,9.1205211726,-17.3676964337
3/1/1970,7.76,6.0846560847,4.4,6.0317460317,7.3766321859,2.531424581,2.8816986855,7.07,0.87,3.0769230769,-17.886369636
4/1/1970,8.10,5.7742782152,4.6,5.9936908517,7.1128299983,2.6844475234,3.2754342432,7.39,0.60,0,-18.7228656519
5/1/1970,7.94,6.0209424084,4.8,5.9561128527,7.0370986525,3.016564952,3.4954407295,7.91,1.04,0,-17.7193461349
6/1/1970,7.60,6.5274151436,4.9,5.9375,7.5619079275,3.2486607914,3.3466533467,7.84,1.65,0,-17.2626345632
7/1/1970,7.21,6.2337662338,5,5.900621118,7.6222038111,3.5480537375,3.4294234592,7.46,2.19,-1.1940298507,-14.488784893
8/1/1970,6.61,6.2176165803,5.1,5.8823529412,7.0563195809,4.2531120332,4.2606516291,7.53,2.83,-1.1940298507,-15.389381176
9/1/1970,6.29,6.1696658098,5.4,6.1162079511,7.4906367041,4.713573026,4.7713717694,7.39,3.10,-1.1940298507,-13.9827658072
10/1/1970,6.20,6.3938618926,5.5,5.487804878,6.4417177914,5.1910227857,4.6328240513,7.33,3.13,-1.1940298507,-11.4240593324
11/1/1970,5.60,6.6157760814,5.9,5.1515151515,5.8255551979,5.7113543092,4.6341463415,6.84,3.78,-1.1940298507,-7.222436514
12/1/1970,4.90,6.582278481,6.1,5.7575757576,6.8783068783,6.3887476699,5.160057334,6.39,4.22,6.2686567164,0.0087096772
1/1/1971,4.14,6.3131313131,5.9,6.6465256798,7.5603557814,7.347972973,4.5540796964,6.24,4.60,6.2686567164,6.3785833572
2/1/1971,3.72,5.7788944724,5.9,6.3063063063,7.1664829107,9.358930408,6.0891089109,6.11,4.67,6.2686567164,8.3601888631
3/1/1971,3.71,5.2369077307,6,6.2874251497,7.864813645,10.6759747999,6.3390663391,5.70,4.75,6.2686567164,10.6368994463
4/1/1971,4.15,4.9627791563,5.9,6.5476190476,8.2888540031,11.9075729465,6.3911580971,5.83,4.30,6.2686567164,10.7850893796
5/1/1971,4.63,5.1851851852,5.9,6.5088757396,7.5847062481,12.7454299255,7.0974057758,6.39,3.99,6.2686567164,9.4813803487
6/1/1971,4.91,4.9019607843,5.9,6.4896755162,8.281829419,13.1213389121,7.7332044466,6.52,3.84,6.2686567164,12.6097627109
7/1/1971,5.31,4.8899755501,6,6.4516129032,7.7598152425,13.4896872921,8.1691494474,6.73,3.45,7.5528700906,13.1711603089
8/1/1971,5.56,4.6341463415,6.1,6.7251461988,7.9675791405,13.3830845771,7.5,6.58,3.20,7.5528700906,15.8507606291
9/1/1971,5.55,4.3583535109,6,6.3400576369,8.1805787002,13.3070478068,6.9259962049,6.14,3.04,7.5528700906,20.7607773506
10/1/1971,5.20,3.8461538462,5.8,6.6473988439,8.7365387532,13.2899022801,6.7357512953,5.93,3.28,7.5528700906,15.9691830494
11/1/1971,4.91,3.3412887828,6,6.3400576369,9.8083941606,13.4260757037,6.6666666667,5.81,3.47,7.5528700906,13.110800629
12/1/1971,4.14,3.0878859857,6,6.8767908309,9.4509450945,13.2844855049,6.5424806906,5.93,4.24,0,14.3834409186
1/1/1972,3.50,3.0878859857,5.8,7.6487252125,8.180744241,13.2966168371,6.6243194192,5.95,4.73,0,16.0618337275
2/1/1972,3.29,3.325415677,5.7,7.9096045198,8.3627278072,13.197492163,6.8128791414,6.08,4.94,0,20.5261453627
3/1/1972,3.83,3.317535545,5.8,7.8873239437,9.8682284041,12.8769230769,7.0702402957,6.07,4.41,0,24.5910390192
4/1/1972,4.17,3.3096926714,5.7,7.8212290503,9.2780516092,12.1024868124,7.0009033424,6.19,4.07,0,24.2215036872
5/1/1972,4.27,3.0516431925,5.7,7.5,9.6792834441,11.4847620477,6.1243144424,6.13,3.96,0,25.7046040655
6/1/1972,4.46,2.8037383178,5.7,7.2022160665,8.8613013699,11.4366030478,5.9219380888,6.11,3.74,0,34.5928258319
7/1/1972,4.55,2.7972027972,5.6,7.1625344353,10.1871695957,11.8276417998,6.2194580187,6.11,3.68,0,55.0200894249
8/1/1972,4.80,3.2634032634,5.6,7.1232876712,10.1558073654,12.1837063039,6.7531305903,6.21,3.39,0,60.1745063089
9/1/1972,4.87,2.7842227378,5.5,7.5880758808,9.5784904075,12.3966942149,7.3203194321,6.55,3.22,0,56.6342698652
10/1/1972,5.04,3.0092592593,5.6,8.1300813008,11.0754638025,12.6509488212,7.7669902913,6.48,3.02,0,56.2529005192
11/1/1972,5.06,3.0023094688,5.3,7.8590785908,11.0372524581,12.6925270964,8.2604895105,6.28,2.93,0,52.6116999592
12/1/1972,5.33,2.9953917051,5.2,7.5067024129,10.6770833333,12.9218222722,9.21108742,6.36,2.60,0,46.4115010212
1/1/1973,5.94,2.7649769585,4.9,6.0526315789,11.6434616435,12.8194444444,9.1063829787,6.46,1.96,0,46.7990568283
2/1/1973,6.58,2.7586206897,5,5.7591623037,12.1931371219,12.1711437275,8.5190039318,6.64,1.39,0,42.6960526497
3/1/1973,7.09,2.9816513761,4.9,5.7441253264,11.1673773987,11.1626005179,7.38023306,6.71,0.94,0,53.3506668509
4/1/1973,7.12,3.2036613272,5,5.6994818653,11.0639426904,10.970691046,7.2182355424,6.67,0.97,0,74.1715732648
5/1/1973,7.84,3.1890660592,4.9,5.9431524548,11.0511064278,11.2038782656,8.0103359173,6.85,0.22,0,84.4749569241
6/1/1973,8.49,3.1818181818,4.9,6.4599483204,10.8664307249,11.1524163569,8.598051673,6.90,-0.36,0,86.4637197665
7/1/1973,10.40,3.1746031746,4.8,6.4267352185,10.9569502075,10.1834862385,7.9464659138,7.13,-2.16,0,92.6960336319
8/1/1973,10.50,3.1602708804,4.8,5.8823529412,9.9267069564,9.1786179922,7.0800167574,7.40,-1.97,21.0674157303,83.597767429
9/1/1973,10.78,3.8374717833,4.8,6.5491183879,11.2971246006,7.8431372549,6.0355518809,7.09,-2.15,21.0674157303,58.7413181178
10/1/1973,10.01,4.2696629213,4.6,6.015037594,9.230189627,7.1082184788,5.773955774,6.79,-1.60,21.0674157303,57.0893002995
11/1/1973,10.03,4.4843049327,4.8,6.2814070352,9.5784484909,6.9729182485,6.0557125555,6.73,-1.61,21.0674157303,54.145666137
12/1/1973,9.95,4.6979865772,4.9,5.9850374065,8.7801857585,6.6492342174,5.5056618508,6.74,-1.47,21.0674157303,50.8878848377
1/1/1974,9.65,4.932735426,5.1,5.9553349876,8.3751069813,6.0568755386,4.7581903276,6.99,-1.17,183.9887640449,66.5692450166
2/1/1974,8.97,5.3691275168,5.2,5.9405940594,7.7852998066,6.1350450562,5.1127214171,6.96,-0.44,183.9887640449,98.1169606153
3/1/1974,9.35,5.7906458797,5.1,6.4197530864,8.2833852793,6.657675331,5.9083601286,7.21,-0.73,183.9887640449,102.7814860503
4/1/1974,10.51,6.2084257206,5.1,6.1274509804,9.0181557573,6.4453598255,5.7086614173,7.51,-1.64,183.9887640449,100.1049351943
5/1/1974,11.31,6.8432671082,5.1,7.0731707317,9.6311232357,5.7641075321,4.9840510367,7.58,-2.26,183.9887640449,90.4201643995
6/1/1974,11.93,7.9295154185,5.4,7.5242718447,9.943248995,5.3392259914,4.6411856474,7.54,-2.66,183.9887640449,60.9563000403
7/1/1974,12.92,8.7912087912,5.5,7.0048309179,9.8282108215,5.3883668372,4.6493607129,7.81,-3.44,183.9887640449,28.5580133556
8/1/1974,12.01,9.6280087527,5.5,7.9710144928,11.8961282021,5.4334845952,4.8904538341,8.04,-2.24,134.5707656613,18.2106265598
9/1/1974,11.34,10.2173913043,5.9,7.5650118203,9.8633597428,5.8253588517,5.1461988304,8.04,-1.16,134.5707656613,45.3159847135
10/1/1974,10.06,10.5603448276,6,8.0378250591,10.4851690044,6.0884070058,5.1877661634,7.90,0.42,158.9327146172,47.1940250738
11/1/1974,9.45,11.1587982833,6.6,8.0378250591,9.0371044844,5.9268898616,4.9486105824,7.68,1.15,158.9327146172,58.6550490052
12/1/1974,8.53,11.1111111111,7.2,8.2352941176,9.6994535519,5.48744892,4.2931162102,7.43,2.10,158.9327146172,91.7507123875
1/1/1975,7.13,11.5384615385,8.1,7.962529274,10.2662454874,5.3975623912,3.6857781087,7.50,3.68,10.3857566766,72.9002483985
2/1/1975,6.24,11.6772823779,8.1,8.1775700935,11.1821444594,5.6873691556,3.3703561854,7.39,4.41,10.3857566766,37.0746142465
3/1/1975,5.54,11.3684210526,8.6,7.8886310905,9.8859736522,6.2650879411,3.5673624288,7.73,4.94,10.3857566766,19.7016666667
4/1/1975,5.49,11.2734864301,8.8,7.6212471132,9.2582447683,7.113589802,3.426443203,8.23,5.09,10.3857566766,5.8854145337
5/1/1975,5.22,10.5371900826,9,6.6059225513,10.4836092178,8.3352415846,4.2157235093,8.06,5.47,10.3857566766,-1.2493451067
6/1/1975,5.55,9.5918367347,8.8,6.0948081264,10.6678137434,9.6382809842,5.218039508,7.86,5.07,10.3857566766,2.2771392842
7/1/1975,6.10,9.0909090909,8.6,6.546275395,10.8959353054,10.5756207675,5.2943354313,8.06,4.45,10.3857566766,6.6471877283
8/1/1975,6.14,8.1836327345,8.4,6.2639821029,9.7010244616,11.2696794654,5.4457292055,8.40,4.45,10.3857566766,15.8731856379
9/1/1975,6.24,7.6923076923,8.4,5.9340659341,10.4933110368,11.7214875099,5.4134223211,8.43,4.37,10.3857566766,5.7045132034
10/1/1975,5.82,7.0175438596,8.4,5.6892778993,10.6347554631,11.8149146451,4.8582995951,8.14,4.80,0,-4.8451689604
11/1/1975,5.22,6.7567567568,8.3,6.3457330416,12.5260960334,12.2180031271,5.150525934,8.05,5.34,0,-9.9924580048
12/1/1975,5.20,6.7307692308,8.2,5.8695652174,13.5740971357,12.650802435,4.7906316537,8.00,5.36,0,-21.4445770962
1/1/1976,4.87,6.7049808429,7.9,6.5075921909,13.5154491508,13.2488986784,5.2782764811,7.74,5.54,0,-24.1742836533
2/1/1976,4.77,6.463878327,7.7,6.4794816415,11.9842630889,13.8109387036,5.7058169692,7.79,5.47,7.7956989247,-25.538544382
3/1/1976,4.84,6.6162570888,7.6,6.0215053763,12.562965948,13.338381653,5.4232319531,7.73,5.28,8.4229390681,-27.0742540483
4/1/1976,4.82,6.3789868668,7.7,6.4377682403,13.0966706779,13.3673360961,6.6258552395,7.56,5.12,9.0501792115,-25.5476275625
5/1/1976,5.29,6.5420560748,7.4,7.0512820513,10.1743047395,13.1156203762,6.1588921283,7.90,4.57,9.0501792115,-24.7879832685
6/1/1976,5.48,6.5176908752,7.6,7.0212765957,11.0582061996,11.7799151929,4.7113000354,7.86,4.41,9.0501792115,-24.1375261517
7/1/1976,5.31,6.6666666667,7.8,7.2033898305,10.5450009595,11.4218638359,4.9226441632,7.83,4.51,9.0501792115,-23.4800055348
8/1/1976,5.29,6.8265682657,7.8,7.1578947368,10.5870020964,11.6958469055,5.0937389459,7.77,4.35,9.0501792115,-28.5086588934
9/1/1976,5.25,6.7765567766,7.6,7.468879668,10.8021188044,12.1408336706,5.0298979951,7.59,4.15,24.5519713262,-32.551052198
10/1/1976,5.02,6.7395264117,7.7,7.4534161491,10.938675696,13.00723182,6.318006318,7.41,4.27,24.5519713262,-20.9364221932
11/1/1976,4.95,6.5099457505,7.8,7.4074074074,10.547309833,12.9578025478,5.4501552259,7.29,4.28,24.5519713262,-18.6388836896
12/1/1976,4.65,6.1261261261,7.8,7.3921971253,10.9375,13.3326783258,6.5018625127,6.87,4.47,24.5519713262,-8.5743982808
1/1/1977,4.61,6.2836624776,7.5,7.3319755601,9.725101397,13.5369055723,6.9577080491,7.21,4.47,24.5519713262,-4.02413799
2/1/1977,4.68,6.25,7.6,7.5050709939,11.1341320602,13.1212531425,6.8699614441,7.39,4.44,15.544472153,0.4639589962
3/1/1977,4.69,6.2056737589,7.4,7.9107505071,11.044482234,13.1335305908,7.1254779284,7.46,4.43,14.8760330579,3.9884680006
4/1/1977,4.73,6.3492063492,7.2,8.064516129,10.8086540167,13.0940106852,7.5987841945,7.37,4.34,14.215283484,11.8054759057
5/1/1977,5.35,6.3157894737,7,7.5848303393,11.954492934,12.6319723442,6.9687607278,7.46,3.66,14.215283484,16.6321714692
6/1/1977,5.39,6.6433566434,7.2,7.5546719682,10.7970951089,12.8608438194,7.4763193505,7.28,3.52,14.215283484,15.4625144382
7/1/1977,5.42,6.25,6.9,7.5098814229,11.3792205538,12.9443019421,7.9758713137,7.33,3.45,14.215283484,12.0487875445
8/1/1977,5.90,6.2176165803,7,7.2691552063,11.0297285653,12.5763237036,7.7751598788,7.40,2.92,22.0213640099,21.6616578565
9/1/1977,6.14,6.1749571184,6.8,7.1428571429,10.7563599112,12.2970046914,8.4058941728,7.34,2.66,6.8345323741,31.7608510521
10/1/1977,6.47,5.9726962457,6.8,7.5144508671,11.4285714286,11.625633277,8.2535490261,7.52,2.42,6.8345323741,30.8826165767
11/1/1977,6.51,5.9422750424,6.8,7.2796934866,11.6052697827,11.0308370044,8.4069349035,7.58,2.44,6.8345323741,36.825266612
12/1/1977,6.56,6.4516129032,6.4,7.2657743786,10.31216539,10.359774599,8.1081081081,7.69,2.43,6.8345323741,24.3905841325
1/1/1978,6.70,6.4189189189,6.4,7.779886148,9.4956464597,9.8329764454,8.1951530612,7.96,2.47,6.8345323741,20.0534349785
2/1/1978,6.78,6.218487395,6.3,7.5471698113,10.148334279,9.1375331225,7.5434568711,8.03,2.42,6.8345323741,30.913802528
3/1/1978,6.79,6.3439065109,6.3,7.5187969925,11.3403723704,8.6813464946,7.3329007138,8.04,2.43,6.8345323741,30.9905443863
4/1/1978,6.89,6.4676616915,6.1,8.0223880597,12.0428902937,8.3540527101,7.7840552417,8.15,2.43,6.8345323741,23.886009061
5/1/1978,7.36,6.7656765677,6,7.7922077922,12.408701175,8.237245956,8.5365853659,8.35,2.13,6.8345323741,17.5208149585
6/1/1978,7.60,7.0491803279,5.9,7.9482439926,12.9116323146,8.1324807345,8.6559647466,8.46,2.00,6.8345323741,20.2366919843
7/1/1978,7.81,7.3529411765,6.2,8.0882352941,11.5024937656,7.8838510828,8.4729981378,8.64,1.79,6.8345323741,30.4868464159
8/1/1978,8.04,7.4796747967,5.9,7.8754578755,12.6115638339,7.7794867643,8.5259212992,8.41,1.44,0,31.5008218905
9/1/1978,8.45,7.915993538,6,8.1081081081,12.293818406,8.0340644332,8.9589125734,8.42,0.97,0,42.3735189016
10/1/1978,8.96,8.3735909823,5.8,8.4229390681,11.9226964924,7.9146428856,8.2342177493,8.64,0.63,0,42.1054653161
11/1/1978,9.76,8.6538461538,5.9,8.2142857143,11.6315789474,7.7686081574,8.1774290887,8.81,0.07,0,43.1760951441
12/1/1978,10.03,8.4529505582,6,8.734402852,12.0361382812,7.6826394344,8.2058823529,9.01,-0.09,0,27.7243544815
1/1/1979,10.07,8.5714285714,5.9,8.4507042254,13.0007501875,7.2447945099,7.0733863837,9.10,0.06,0,29.5455738049
2/1/1979,10.06,9.1772151899,5.9,8.5964912281,11.9729192729,7.2446741855,7.2583104605,9.10,0.02,6.734006734,31.0490779376
3/1/1979,10.09,9.262166405,5.8,8.5664335664,11.119154481,7.4367334265,7.6481257557,9.12,0.17,6.734006734,37.69342902
4/1/1979,10.01,9.3457943925,5.8,7.2538860104,10.1485502071,7.7252562337,8.124635993,9.18,0.32,6.734006734,31.874540649
5/1/1979,10.24,9.42812983,5.6,7.917383821,10.3679638393,7.5030656039,7.0963926671,9.25,0.23,21.8855218855,36.4192754555
6/1/1979,10.29,9.3415007657,5.7,7.8767123288,10.4769897888,7.846853677,7.7346465817,8.91,0.09,28.6195286195,46.2837837838
7/1/1979,10.47,9.5890410959,5.7,7.8231292517,11.1336315348,8.2099090294,8.2689556509,8.95,-0.18,46.4646464646,52.0229923643
8/1/1979,10.94,9.984871407,6,7.9796264856,11.6264645072,8.4797957038,8.4604316547,9.03,-0.59,78.4511784512,56.4461902067
9/1/1979,11.43,9.880239521,5.9,8,12.4373670121,8.1653900498,7.882052736,9.33,-0.89,91.9191919192,45.6946279172
10/1/1979,13.77,10.1040118871,6,7.2727272727,11.8966689327,7.9908507342,7.8050154973,10.30,-2.37,95.2861952862,67.0488281031
11/1/1979,13.18,10.6194690265,5.9,7.5907590759,11.9216003233,7.9743759664,7.2245467225,10.65,-1.19,108.7542087542,71.9014950404
12/1/1979,13.78,11.3235294118,6,7.5409836066,11.3428857048,7.8932010505,6.8768687143,10.39,-1.72,118.8552188552,89.0644892225
1/1/1980,13.82,11.9883040936,6.3,7.3051948052,12.9655447122,8.0715532286,7.4593999449,10.80,-1.40,118.8552188552,123.0291139241
2/1/1980,14.13,12.0289855072,6.3,7.2697899838,12.0925341746,8.5445117943,8.274097242,12.41,-0.56,133.4384858044,197.189458718
3/1/1980,17.19,12.5,6.3,7.729468599,11.5570032573,8.1791907514,7.3294018534,12.75,-2.74,139.7476340694,171.1400533991
4/1/1980,17.61,12.962962963,6.9,8.2125603865,10.192569539,7.0505538199,4.1475895502,11.47,-3.42,149.2113564669,128.7111155173
5/1/1980,10.98,13.2768361582,7.5,7.6555023923,9.0612401613,7.2360447708,4.3070127002,10.18,2.19,118.2320441989,116.0396540721
6/1/1980,9.47,13.5854341737,7.6,7.9365079365,9.0782476576,7.374340949,4.1408980909,9.78,3.24,106.8062827225,99.531039261
7/1/1980,9.03,12.3611111111,7.8,7.8864353312,10.1314382743,7.6287083999,4.2811839323,10.25,3.62,81.6091954023,115.0582539994
8/1/1980,9.61,11.8294360385,7.7,8.0188679245,9.1374945978,8.0592674652,5.6778986469,11.10,3.54,43.3962264151,118.8915595821
9/1/1980,10.87,11.9891008174,7.5,7.7160493827,8.9127647885,8.1540048127,6.3600525624,11.51,2.83,26.3157894737,108.2361030306
10/1/1980,12.81,12.2807017544,7.5,8.4745762712,10.5953827461,8.5337523914,7.3444851019,11.75,1.42,24.1379310345,90.11161125
11/1/1980,15.85,12.1333333333,7.5,9.0490797546,10.1402178492,9.0425531915,8.1685744017,12.68,-1.21,16.1290322581,69.3963000651
12/1/1980,18.90,12.1532364597,7.2,8.6890243902,11.061231819,8.5057471264,6.6887080366,12.84,-3.76,13.8461538462,59.3476443681
1/1/1981,19.08,11.3577023499,7.5,9.2284417549,10.1727785614,8.3703404656,6.6598360656,12.57,-4.05,16.9230769231,28.6943997829
2/1/1981,15.93,10.8667529107,7.4,9.186746988,10.7762664165,8.3563210657,6.4863445378,13.19,-0.56,2.7027027027,-17.3096036252
3/1/1981,14.70,9.9616858238,7.4,8.8191330344,11.4284045784,9.0836227625,7.8492935636,13.12,0.64,0,-24.7927058193
4/1/1981,15.72,9.4577553594,7.2,9.0773809524,12.3330391292,10.399946939,11.4559089734,13.68,-0.16,-3.7974683544,-9.8476192187
5/1/1981,18.52,9.4763092269,7.5,9.1851851852,12.5506072874,10.0518548065,10.772895712,14.10,-2.57,-3.7974683544,-3.8870933406
6/1/1981,19.10,9.3711467324,7.5,8.8235294118,12.5072547882,9.1462616211,9.1660211722,13.47,-3.30,-8.8607594937,-6.6019553105
7/1/1981,19.04,11.1248454883,7.2,8.6257309942,11.1066697122,8.7792912013,8.388241257,14.28,-2.87,-8.8607594937,-23.3503745096
8/1/1981,17.82,11.5621156212,7.4,8.8791848617,11.4329354528,8.5794835651,6.9294501632,14.94,-1.48,-5.2631578947,-36.6188012529
9/1/1981,15.87,11.800486618,7.6,8.5959885387,10.3189283112,8.473714322,5.5102545095,15.32,1.05,0,-34.504119037
10/1/1981,15.08,10.9375,7.9,8.0965909091,8.0092287409,8.681145735,4.6262478695,15.15,2.03,-2.7777777778,-34.1525760958
11/1/1981,13.31,10.225921522,8.3,7.5949367089,7.769642662,8.880550344,4.6416546417,13.39,3.08,0,-33.912175881
12/1/1981,12.37,9.5406360424,8.5,7.1528751753,7.2433306386,9.6896809571,6.5554231228,13.72,4.18,-5.4054054054,-33.7359628283
1/1/1982,13.22,9.2614302462,8.6,7.4792243767,6.5450472076,10.0707810754,7.6849183477,14.59,3.88,-10.9210526316,-31.2701750466
2/1/1982,14.78,9.1015169195,8.9,6.7586206897,6.9863448714,9.6119217634,6.6337854501,14.43,2.40,-16.9473684211,-31.1305322129
3/1/1982,14.68,8.8269454123,9,6.456043956,6.0950683926,9.092578986,5.6768558952,13.86,2.14,-25.0526315789,-25.228134984
4/1/1982,14.94,8.8709677419,9.3,6.002728513,6.1861610183,8.6151997597,4.6635730858,13.87,1.84,-11.9736842105,-33.964023378
5/1/1982,14.45,8.6560364465,9.4,6.2415196744,6.6572828694,9.0310498973,5.3524492234,13.62,2.19,-5.4473684211,-29.456833627
6/1/1982,14.15,8.5682074408,9.6,5.9459459459,5.7621872582,9.3335732709,5.5345316935,14.30,2.77,-2.5833333333,-30.3572211265
7/1/1982,12.59,7.5639599555,9.8,5.9219380888,6.6505627795,8.8956145036,5.0970306289,13.95,4.21,-5.1111111111,-31.604481295
8/1/1982,10.12,7.0562293275,9.8,5.4812834225,5.7823129252,8.9283606751,5.6116459263,13.06,6.20,-5.6944444444,-17.442318905
9/1/1982,10.31,5.8759521219,10.1,4.8812664908,7.1486637537,8.9428035631,6.8384074941,12.34,5.32,-1.0277777778,-11.4145146163
10/1/1982,9.71,5.8504875406,10.4,4.8620236531,8.3663920252,8.6422613531,8.3779380963,10.91,5.02,1.9428571429,-1.2670285773
11/1/1982,9.20,5.2858683927,10.8,4.5751633987,9.2425471507,8.5640436531,9.0324063434,10.55,5.10,-5.1388888889,-3.4029077492
12/1/1982,8.95,4.5161290323,10.8,4.8429319372,8.9200462335,8.7201045276,8.6800894855,10.54,5.19,-9.3714285714,0.4133659349
1/1/1983,8.68,4.7210300429,10.4,4.381443299,9.1468909582,10.7795577617,7.6717216771,10.46,5.26,-7.8581979321,8.4505079826
2/1/1983,8.51,4.7058823529,10.4,4.9095607235,7.999406352,12.4907947658,9.6669750231,10.72,5.44,-8.2699619772,25.4254384538
3/1/1983,8.77,4.6958377801,10.3,4.5161290323,9.098992294,12.7911545154,10.8126721763,10.51,4.84,1.1938202247,31.7873189881
4/1/1983,8.80,4.3386243386,10.2,4.6332046332,10.092738753,12.4896288512,10.5298160053,10.40,4.49,-8.490284006,27.4956054585
5/1/1983,8.63,3.5639412998,10.1,4.214559387,10.0249279046,12.5657931187,12.0208664096,10.38,4.46,-16.5043139438,23.644812146
6/1/1983,8.98,2.9075804777,10.1,4.2091836735,11.2476831529,12.5692653755,12.8417749888,10.85,4.39,-11.6053607072,30.7580322865
7/1/1983,9.37,2.9989658738,9.4,4.0660736976,11.27174594,12.7901907357,13.5706340378,11.38,4.02,-7.318501171,31.1740978331
8/1/1983,9.56,2.9866117405,9.5,3.1685678074,11.5707635456,12.2758545967,12.9835482437,11.85,4.08,-6.0088365243,25.0816583679
9/1/1983,9.45,3.4943473792,9.2,4.2767295597,10.9156432263,11.9472834857,12.0999561596,11.65,4.10,-12.6859388156,14.5265679493
10/1/1983,9.48,3.6847492323,8.8,4.3859649123,10.8462007791,12.0761356366,11.0586214301,11.54,3.98,-14.7701793722,-5.9122550393
11/1/1983,9.34,4.3032786885,8.5,4.125,10.0106743398,12.0364001905,9.9915682968,11.69,4.27,-12.6207906296,-6.7505772371
12/1/1983,9.47,4.8353909465,8.3,4.1198501873,10.6348620467,11.5059044832,9.7776862907,11.83,4.28,-7.8184110971,-8.2140706269
1/1/1984,9.56,4.8155737705,8,3.950617284,11.1783863126,9.2214471205,9.8177299089,11.67,4.09,-4.8092337288,-12.7516246801
2/1/1984,9.59,4.8008171604,7.8,3.5714285714,10.3064449636,8.152885487,9.0046393927,11.84,4.00,4.127806563,-23.0581837633
3/1/1984,9.91,4.99490316,7.8,3.8271604938,10.3142262066,7.9319267516,8.390304537,12.32,4.08,6.7349063151,-21.7734805364
4/1/1984,10.29,4.9695740365,7.7,3.9360393604,10.3414284434,7.9805281015,8.2831929402,12.63,4.02,0.0261352499,-6.1713661613
5/1/1984,10.32,5.1619433198,7.4,3.431372549,10.1643713905,7.8604124625,7.4509009921,13.41,4.42,1.7333333333,-11.9583244737
6/1/1984,11.06,5.1463168517,7.2,3.5495716034,9.6632760435,7.9198752315,7.5273088381,13.56,3.99,-3.3322580645,-13.8171909996
7/1/1984,11.23,5.0200803213,7.5,3.5409035409,8.2936336076,7.6484514664,6.4250734574,13.36,3.92,-9.1850915982,-8.4312315569
8/1/1984,11.64,5.1,7.5,3.8083538084,8.327598073,7.5464414958,6.0606060606,12.72,2.99,-8.3359448449,-17.7544695053
9/1/1984,11.30,5.0645481629,7.3,3.4981905911,8.6015989056,7.7699293643,6.0813453266,12.52,3.05,-5.7827065252,-16.4648064217
10/1/1984,9.99,4.935834156,7.4,2.7611044418,7.468879668,7.4972646401,4.8337200309,12.16,3.95,-5.4094048011,-17.295631464
11/1/1984,9.43,4.6168958743,7.2,3.1212484994,8.7833277084,7.9665659237,5.3660406286,11.57,4.05,-5.8378016086,-13.7041215899
12/1/1984,8.38,4.7105004907,7.3,3.3573141487,8.0111764461,8.6457357076,5.8691168198,11.50,5.02,-13.0335157319,-10.4272668166
1/1/1985,8.35,4.4965786901,7.3,2.7315914489,8.3546497236,9.0722610723,5.8279894379,11.38,4.91,-13.6375884136,-17.6358753228
2/1/1985,8.50,4.6783625731,7.2,3.2104637337,9.9871267804,9.1120733808,6.7711356162,11.51,4.73,-9.5339193896,-18.3102049371
3/1/1985,8.58,4.7572815534,7.2,3.0915576694,9.0461336398,8.8243430152,6.7278287462,11.86,5.11,-8.20194402,-22.2013309814
4/1/1985,8.27,4.5410628019,7.3,2.8402366864,8.3570210347,8.3652094718,6.5197258752,11.43,5.24,-5.9213534522,-23.1893606095
5/1/1985,7.97,4.5235803657,7.2,2.9620853081,9.1176707799,8.4420918135,7.2734124741,10.85,5.18,-9.4921363041,-14.8119665197
6/1/1985,7.53,4.4145873321,7.4,2.9550827423,7.9201983048,8.9915548932,8.0901366827,10.16,4.87,-9.4236994027,-16.0659920921
7/1/1985,7.88,4.206500956,7.4,2.5943396226,9.0141971606,9.2818671454,8.9637401068,10.31,4.55,-4.9492209238,-16.3929272714
8/1/1985,7.90,4.0913415794,7.1,2.8402366864,9.7006035578,9.5832024766,10.3710575139,10.33,4.60,-5.1111111111,-8.7468492211
9/1/1985,7.92,3.9697542533,7.1,2.9137529138,10.443648388,9.3588371678,10.9677419355,10.37,4.56,-3.4867455904,-5.0467262955
10/1/1985,7.99,4.1392285983,7.1,2.9205607477,9.0182018753,9.1428065672,11.6377720398,10.24,4.37,2.687293586,-5.0391454005
11/1/1985,8.05,4.4131455399,7,2.7939464494,7.9151477546,8.5596815816,11.8406693343,9.78,3.94,9.6626094384,-4.1514376997
12/1/1985,8.27,4.3111527648,7,3.13225058,8.9884169884,8.0051757602,12.1679064825,9.26,3.31,7.0745998663,-4.6115949143
1/1/1986,8.14,4.3966323667,6.7,2.774566474,8.0721928188,7.3174901693,11.6734984851,9.19,3.30,-10.5144105144,0.7392407704
2/1/1986,7.86,4.1899441341,7.2,2.7649769585,6.894208261,6.7722113169,11.0346077188,8.70,3.25,-43.3757471307,14.1022850925
3/1/1986,7.48,4.077849861,7.2,2.76816609,6.6960252936,7.0835451618,11.8015759312,7.78,3.02,-55.3155322615,12.8923776148
4/1/1986,6.99,4.1589648799,7.1,2.3014959724,6.6744116324,7.7782913813,12.502173535,7.30,3.20,-55.4001041486,14.1455479353
5/1/1986,6.85,3.9594843462,7.2,2.3014959724,6.0275693854,8.1930651405,13.4199894607,7.71,3.44,-44.0900698693,4.8735801685
6/1/1986,6.92,3.9522058824,7.2,1.9517795637,6.453524988,7.9514378056,13.2604237867,7.80,3.42,-50.3776295914,8.1953704679
7/1/1986,6.56,4.128440367,7,1.8390804598,6.144759529,8.1156563167,13.75,7.30,3.60,-57.6457243221,8.3782258942
8/1/1986,6.17,4.0219378428,6.9,2.0713463751,5.3715568104,8.3275332651,14.0359724323,7.17,4.01,-45.6242118537,9.8839719559
9/1/1986,5.89,4.0909090909,7,1.5855039638,6.380096949,8.521221511,13.7043189369,7.45,4.31,-47.2833963731,13.9820417583
10/1/1986,5.85,3.9747064137,7,1.9296254257,6.4616385385,8.8432064226,14.3565174294,7.43,4.39,-49.7190060261,29.1533041715
11/1/1986,6.04,3.7769784173,6.9,2.3782559456,5.7138750135,8.992747784,15.2707757359,7.25,4.03,-50.6474539967,29.9820670253
12/1/1986,6.91,3.7735849057,6.6,1.4623172103,6.6600538472,9.4485044527,16.8166745618,7.11,3.06,-40.9578375202,21.942989834
1/1/1987,6.43,3.7634408602,6.6,1.9122609674,3.9319310855,9.6662418353,17.6348547718,7.08,3.29,-18.6925256047,21.6190934656
2/1/1987,6.10,3.7533512064,6.6,1.7937219731,6.5449279457,9.3161744135,17.0202349869,7.25,3.55,14.7908302033,18.2203372579
3/1/1987,6.13,4.0071237756,6.6,1.9079685746,6.8331745864,8.7197341351,15.8257248118,7.25,3.48,45.0705341576,18.284041557
4/1/1987,6.37,4.1703637977,6.3,2.1372328459,7.2931670473,8.3476294448,16.228748068,8.02,3.67,45.1155911886,18.1317378598
5/1/1987,6.85,4.162976085,6.3,2.3622047244,6.7933077727,7.3353817432,14.4958959269,8.61,3.66,25.7122507123,29.04152353
6/1/1987,6.73,4.0671971706,6.2,2.1396396396,7.4786845311,6.4522319886,12.2208811104,8.40,3.79,48.7415546811,34.85722632
7/1/1987,6.58,3.9647577093,6.1,2.3702031603,7.5101956176,5.8045889682,10.8108108108,8.45,4.03,84.4924406048,31.0619583577
8/1/1987,6.73,4.2179261863,6,2.7057497182,8.1034660438,5.3516761782,9.6992924528,8.76,4.07,34.3360720912,29.1994885708
9/1/1987,7.22,4.2794759825,5.9,2.6755852843,5.303893319,4.9442085885,8.765522279,9.42,4.09,30.9327432441,22.5085705174
10/1/1987,7.29,4.3440486533,6,2.8953229399,6.9656132252,4.7235881389,8.8124819416,9.52,4.33,33.6385671963,10.0365786713
11/1/1987,6.69,4.4194107452,5.8,2.7654867257,7.4514736377,4.3028241904,6.5886004515,8.86,4.54,24.4163871901,9.8854083955
12/1/1987,6.77,4.2424242424,5.7,2.9933481153,5.9817988574,3.5611340169,3.4603947013,8.99,4.52,7.246827569,17.9247136059
1/1/1988,6.83,4.3177892919,5.7,2.9801324503,9.5189667446,3.7661158526,3.6765703432,8.67,4.24,-8.0188679245,24.383170183
2/1/1988,6.58,4.3066322136,5.7,2.5330396476,7.3595226256,4.5188651653,3.8209454748,8.21,4.04,-5.4214148708,16.9472840657
3/1/1988,6.58,4.3664383562,5.7,2.6431718062,8.2353718135,5.0473071325,3.9413635735,8.37,3.99,-11.4067194756,10.2429426932
4/1/1988,6.87,4.2589437819,5.4,3.1938325991,7.4097115353,5.2682716183,3.4441489362,8.72,4.03,-4.1195086628,8.473466957
5/1/1988,7.09,4.3367346939,5.6,3.2967032967,8.0648846242,5.4716092329,3.2598403896,9.09,3.95,-10.1828483132,2.7049901031
6/1/1988,7.51,4.5029736619,5.4,3.3076074972,8.0041445409,5.8376000577,4.6652325894,8.92,3.49,-17.4902665469,-2.2376259071
7/1/1988,7.75,4.4915254237,5.4,3.5281146637,7.9917703411,6.064196467,5.266684535,9.06,3.36,-27.4268321236,0.5296385103
8/1/1988,8.01,4.3844856661,5.6,2.9637760703,7.540514776,5.8582959641,4.944907283,9.26,3.20,-23.4290223932,-2.8596898712
9/1/1988,8.19,4.4388609715,5.4,3.5830618893,7.906710363,5.6492320911,4.7280053727,8.98,2.71,-25.9090443511,-6.4912527208
10/1/1988,8.30,4.4962531224,5.4,3.7878787879,8.8635714512,5.4033864542,3.6643653744,8.80,2.11,-30.4816606207,-10.1455646496
11/1/1988,8.35,4.398340249,5.3,3.4445640474,9.0512195894,5.7485114828,4.156187955,8.96,2.13,-26.1257928118,-12.7474872527
12/1/1988,8.76,4.6511627907,5.3,3.4445640474,8.9441850262,5.7569671987,4.9255291351,9.11,1.89,-5.6551244127,-10.2906220568
1/1/1989,9.12,4.6357615894,5.4,3.8585209003,8.3325595072,5.001399972,3.6508767338,9.09,1.53,4.796037296,-13.9261046179
2/1/1989,9.36,4.789430223,5.2,4.1890440387,8.1951520766,4.3724639709,3.6400268637,9.17,1.25,6.3286609007,-15.345078184
3/1/1989,9.85,4.6759639048,5,4.0772532189,7.2213069742,3.9318252676,3.0601383715,9.36,0.82,19.9050379232,-12.2479966827
4/1/1989,9.84,4.5751633987,5.2,4.1622198506,8.4806730886,3.387686733,1.5811801003,9.18,0.77,17.7062937063,-11.9996704112
5/1/1989,9.81,4.5639771801,5.2,3.5106382979,7.7469042585,2.9752293263,0.3536809012,8.86,0.65,14.8755591238,-14.8016224533
6/1/1989,9.53,4.4715447154,5.3,3.7353255069,7.3989687013,3.0218376316,-0.732177264,8.28,0.50,21.0223835451,-17.7191349818
7/1/1989,9.24,4.6228710462,5.2,4.1533546326,7.2157890037,3.4832944044,-0.6110757479,8.02,0.63,26.751838947,-18.5825923745
8/1/1989,8.99,4.4426494346,5.2,3.9445628998,7.4609224951,4.1276941846,-0.576184379,8.11,0.89,19.3120329812,-14.2284874544
9/1/1989,9.02,4.2502004812,5.3,3.8784067086,7.2742820074,4.6321710549,-0.2565089137,8.19,0.89,35.4392755927,-15.1986629268
10/1/1989,8.84,4.3027888446,5.3,3.7539103233,6.4015858209,4.9846444602,0.3073770492,8.01,0.97,45.608059139,-12.4906123361
11/1/1989,8.55,4.3720190779,5.4,3.5379812695,6.1705831158,5.1477981098,0.4193671369,7.87,1.26,41.8043929312,-9.7419793302
12/1/1989,8.45,4.3650793651,5.4,3.95421436,6.4551390847,5.506879435,0.9338812103,7.84,1.37,29.6446575679,-6.0968152177
1/1/1990,8.23,4.4303797468,5.4,3.6119711042,7.065916169,5.7198093397,1.0857214998,8.21,1.71,25.9022410054,-2.2879651857
2/1/1990,8.24,4.6493301812,5.3,3.9175257732,6.8751962099,6.3006903948,1.9569725246,8.47,1.90,24.0210927858,1.4026481681
3/1/1990,8.28,4.9373040752,5.2,4.1237113402,7.3125622421,6.4529031398,2.569067906,8.59,1.93,5.0038570327,7.3639239895
4/1/1990,8.26,4.84375,5.4,3.9959016393,6.4098240881,6.5004629017,3.2903062516,8.79,2.04,-11.6825095057,0.867994221
5/1/1990,8.18,4.7544816836,5.4,4.3165467626,6.3069376314,6.3557201481,3.8376191098,8.76,2.23,-8.9606629393,-2.5449814493
6/1/1990,8.29,4.9027237354,5.2,4.5267489712,6.6687137115,6.2169312169,4.6842650104,8.48,1.93,-15.6660834791,-0.6719370123
7/1/1990,8.15,5.0387596899,5.5,4.1922290389,6.574673071,5.5152109912,3.8811323172,8.47,2.05,-5.1211565873,-4.0981811761
8/1/1990,8.13,5.4911059551,5.7,4.4102564103,6.2747470304,5.4383909393,4.6619446233,8.75,2.28,46.7120181406,-3.5684246839
9/1/1990,8.20,5.5384615385,5.9,4.2381432896,6.8332371293,5.2529308893,5.0662209078,8.89,2.44,71.9250791058,8.0190996077
10/1/1990,8.11,5.2711993888,5.9,3.7185929648,6.495890411,4.6226051177,4.2007150153,8.72,2.63,78.796476034,7.6734559574
11/1/1990,7.81,5.2551408987,6.2,3.8190954774,6.2491461049,4.1053101294,4.3533282713,8.39,2.81,62.9667003027,3.9619980086
12/1/1990,7.31,5.1711026616,6.3,3.7037037037,4.7855811063,3.7574992106,3.9600296077,8.08,3.12,29.6329666161,-3.1685290948
1/1/1991,6.91,5.6060606061,6.4,3.5856573705,2.9461998292,3.7267080745,3.8716123392,8.09,3.54,10.2380636898,-7.6881074588
2/1/1991,6.25,5.6475903614,6.6,3.1746031746,3.6984618671,3.9472854531,4.4998093301,7.85,3.82,-7.1693504614,-6.2243699155
3/1/1991,6.12,5.2277819268,6.8,2.9702970297,4.1946175262,4.1987600977,4.9339207048,8.11,3.97,-2.7328827505,-12.674577024
4/1/1991,5.91,5.1415797317,6.7,3.1527093596,3.6232075422,4.0049674014,4.3739279588,8.04,4.03,12.0600581208,-7.6896963819
5/1/1991,5.78,5.1339285714,6.9,3.2512315271,4.1529334212,4.4827153523,5.6316781898,8.07,4.08,16.4665240994,-4.5006355423
6/1/1991,5.90,4.9703264095,6.9,3.2480314961,3.5537644257,4.299501868,5.8961681088,8.28,4.06,19.7024479877,-3.1823081739
7/1/1991,5.82,4.7970479705,6.8,2.9440628067,3.7488602319,3.996155754,6.1528976572,8.27,4.07,14.926494259,3.8856031759
8/1/1991,5.66,4.6187683284,6.9,3.0451866405,3.1151358344,3.4478501096,6.2138550511,7.90,3.99,-20.1884153971,1.7115088036
9/1/1991,5.45,4.5189504373,6.9,2.9041626331,2.9459438598,3.0030769231,5.9111491861,7.65,4.06,-35.11740434,-9.6590698856
10/1/1991,5.21,4.4267053701,7,2.8100775194,2.7218234674,3.0510661832,7.0947187845,7.53,4.28,-35.3376760759,-10.5504867518
11/1/1991,4.81,4.486251809,7,2.807357212,3.3998559819,3.2147449636,8.2100412321,7.42,4.64,-30.4489164087,-5.9020711122
12/1/1991,4.43,4.4107013738,7.3,2.9922779923,4.1234720718,3.0553864881,8.6507653969,7.09,4.83,-28.6059187182,-5.7366695376
1/1/1992,4.03,3.9454806313,7.3,2.5961538462,6.3329531315,2.8268336424,10.1839605627,7.03,5.10,-24.5963379943,-4.3065114369
2/1/1992,4.06,3.777619387,7.4,2.8846153846,6.0129271496,2.8116469518,11.3124923975,7.34,5.17,-7.4453052673,-7.8406807706
3/1/1992,3.98,3.9034776437,7.4,2.9807692308,5.2065043133,2.3017518555,11.502938707,7.54,5.27,-4.7532729104,-2.7202936103
4/1/1992,3.73,3.8979447201,7.4,2.3877745941,5.7366395678,2.0447761194,11.9497593614,7.48,5.48,-2.7853815492,-5.1594955582
5/1/1992,3.82,3.821656051,7.6,2.3854961832,5.7240506329,1.7083495962,12.2099250268,7.39,5.31,-1.4124293785,-5.3978508209
6/1/1992,3.76,3.816254417,7.8,2.192564347,6.0119784691,1.1402644697,11.0073537995,7.26,5.29,10.794751176,-5.622026317
7/1/1992,3.25,3.7323943662,7.7,2.192564347,6.041582965,1.1357877478,11.7435242188,6.84,5.59,1.5826330532,-6.9810866609
8/1/1992,3.30,3.5038542397,7.6,2.5738798856,6.3707532494,1.3278033061,12.3841519926,6.59,5.35,-1.5584655109,-4.2283472939
9/1/1992,3.22,3.2775453278,7.6,2.0696142992,6.8154553634,1.5802365874,13.5544256991,6.42,5.40,0.2058836986,-3.6776396147
10/1/1992,3.10,3.5441278666,7.3,2.4505183789,7.7788073831,1.9112078476,14.5080091533,6.59,5.74,-6.6299293956,-0.9067118542
11/1/1992,3.09,3.3933518006,7.4,2.7306967985,7.4342137989,1.8242762221,14.4682281744,6.87,5.87,-9.4502559537,-4.0545586729
12/1/1992,2.92,3.324099723,7.4,2.1555763824,7.8732942021,1.6034727144,14.1983398864,6.77,5.89,-0.5636112107,-6.9551470734
1/1/1993,3.02,3.4506556246,7.3,2.8116213683,6.284892367,1.1794614089,13.4657354867,6.60,5.65,1.3549415515,-7.5213422156
2/1/1993,3.03,3.5714285714,7.1,2.4299065421,6.2548581422,0.3009115851,11.6708556442,6.26,5.36,5.5698868123,-7.1786831846
3/1/1993,3.07,3.4153005464,7,2.614379085,5.7349490845,0.1527390219,10.854130809,5.98,5.08,7.565024318,-6.935799521
4/1/1993,2.96,3.4788540246,7.1,2.6119402985,6.3485177151,0.3247038175,10.8734402852,5.97,5.18,0.1333794398,-4.2557327527
5/1/1993,3.00,3.4083162918,7.1,2.7958993476,6.3504226431,1.0833628528,12.0797539506,6.04,5.21,-4.7755491882,0.9506166461
6/1/1993,3.04,3.3356024506,7,2.4253731343,6.2884386174,1.490422926,12.7024185068,5.96,5.03,-14.7709497207,8.9025961351
7/1/1993,3.06,3.1907671419,6.9,2.4253731343,6.2680558844,1.4502151742,12.5883575884,5.81,4.87,-17.8914472172,9.134682717
8/1/1993,3.03,3.317535545,6.8,2.3234200743,6.1472412898,1.3015695397,12.1636944645,5.68,4.57,-15.6487119438,11.2304363331
9/1/1993,3.09,3.2410533423,6.7,2.4884792627,6.0038840403,1.2409939715,11.8143889285,5.36,4.25,-20.0347000274,10.5333162871
10/1/1993,2.99,3.0201342282,6.8,2.5758969641,5.7743696991,0.9918080749,11.0711430855,5.33,4.32,-16.336222796,2.9717241924
11/1/1993,3.02,3.0810448761,6.6,2.3831347388,5.8779951383,1.2002214001,10.5345604073,5.72,4.64,-17.9087602006,5.7301166067
12/1/1993,2.96,3.1501340483,6.5,2.6605504587,5.3976490036,1.5578225361,10.3003060444,5.77,4.73,-25.2331632916,11.6488663184
1/1/1994,3.05,2.9352901935,6.6,2.7347310848,5.6219464642,1.6390089985,9.7999615311,5.75,4.60,-21.3630406291,14.5180568599
2/1/1994,3.25,2.7851458886,6.6,2.8284671533,6.3553025627,1.7235801053,9.9716214894,5.97,4.51,-26.2953174089,17.6652963213
3/1/1994,3.34,2.9062087186,6.5,2.3657870792,6.7255341538,1.9444525911,9.7622513343,6.48,4.79,-27.9500663488,15.8961161216
4/1/1994,3.56,2.7686222808,6.4,2.5454545455,6.3072250929,2.1022859809,8.9653867978,6.97,4.96,-19.1909225456,16.3728357973
5/1/1994,4.01,2.8345418589,6.1,2.5385312783,5.5816990521,1.4221884765,7.1158213475,7.18,4.61,-10.3309929789,10.5163496551
6/1/1994,4.25,2.8985507246,6.1,2.4590163934,6.0554409258,1.0759567291,6.5310692293,7.10,4.40,0,3.8953734307
7/1/1994,4.26,2.8947368421,6.1,2.6411657559,5.6398600619,1.3888081818,6.2598098052,7.30,4.54,9.9854472182,3.7105388592
8/1/1994,4.47,2.8833551769,6,2.361489555,6.2912509167,1.1482224354,5.1465857917,7.24,4.27,2.0600810706,-1.6794689701
9/1/1994,4.73,3.0085022891,5.9,2.6978417266,5.8492440128,0.9295030064,4.3319985439,7.46,4.25,-0.3083247688,0.1083689434
10/1/1994,4.76,2.9315960912,5.8,2.869955157,6.1797012302,0.6981662273,3.2655631522,7.74,4.44,-2.3973546432,10.0647503627
11/1/1994,5.29,2.7940220923,5.6,2.6857654432,5.9605545109,0.4490630128,2.4092116918,7.96,4.03,8.3897239356,7.1865883492
12/1/1994,5.45,2.5990903184,5.5,2.6809651475,5.9163090596,0.3147983859,1.8382034163,7.81,3.65,18.2632667126,2.79153726
1/1/1995,5.53,2.8515878159,5.6,2.5732031943,5.8004690757,0.3823047515,1.559078567,7.78,3.55,19.9333333333,-0.981846647
2/1/1995,5.92,2.9677419355,5.4,2.5732031943,4.715946951,0.3816683533,1.0233137569,7.47,2.93,25.3721244926,-2.1626681723
3/1/1995,5.98,2.9525032092,5.4,2.6666666667,5.1678312685,0.3567318757,0.7249580055,7.20,2.72,26.5347885402,-1.287148818
4/1/1995,6.05,3.0788967287,5.8,2.9255319149,4.7071865606,0.4940457492,0.7030029509,7.06,2.55,21.3064713065,-0.567821558
5/1/1995,6.01,3.0769230769,5.6,2.3872679045,5.6555489209,0.8753239274,0.1766784452,6.63,2.19,10.4026845638,3.55403905
6/1/1995,6.00,3.0089628681,5.6,2.7555555556,5.713923194,1.9132286092,-0.0700648099,6.17,1.90,-3.4084950184,1.0196745395
7/1/1995,5.85,3.0051150895,5.7,3.1055900621,5.2944650692,2.2008253095,-0.4518203145,6.28,2.19,-11.9592875318,0.493771875
8/1/1995,5.74,2.9299363057,5.7,2.9281277728,5.1034915325,2.9342453156,-0.4195437462,6.49,2.45,-1.9042437432,0.1785173792
9/1/1995,5.80,2.9206349206,5.6,2.9772329247,5.150662079,3.3499294903,-0.6978367062,6.20,2.13,4.4100801833,0.8667531427
10/1/1995,5.76,3.0379746835,5.5,2.877070619,4.1917530466,3.5299194476,-1.3067340361,6.04,1.99,-1.5245623941,-2.1507151582
11/1/1995,5.80,3.0341340076,5.6,2.877070619,4.7833264548,3.7254621006,-1.5222279882,5.93,1.88,-0.6077348066,-1.7843798733
12/1/1995,5.60,3.03989867,5.6,2.9590948651,5.3020175637,4.1308875132,-1.8561089825,5.71,1.89,10.9557109557,0.2164067027
1/1/1996,5.56,2.9615626969,5.6,3.1141868512,4.8646318685,4.4613710555,-2.5269512721,5.65,1.91,4.9471928849,2.0988554976
2/1/1996,5.22,2.8822055138,5.5,2.9411764706,5.837797894,4.9716277328,-2.5984321325,5.81,2.41,2.9141932002,5.2694354115
3/1/1996,5.31,2.8054862843,5.5,2.9437229437,5.9084887394,5.8020869166,-1.8695690336,6.27,2.72,15.1482479784,7.4782804335
4/1/1996,5.22,2.6757934039,5.6,3.1007751938,6.5173572228,5.6294401819,-2.4562613117,6.51,2.97,18.6210367388,3.8479797483
5/1/1996,5.24,2.6741293532,5.6,3.195164076,5.9098982722,5.2149340641,-2.4779541446,6.74,3.06,7.6494427558,0.3912494144
6/1/1996,5.27,2.672467371,5.3,3.7197231834,5.0950190038,4.9374700054,-2.2787028922,6.91,3.13,11.0206297503,1.7546678863
7/1/1996,5.40,2.731222843,5.5,3.0120481928,5.689330502,4.5928667564,-3.0549009339,6.87,2.95,23.2369942197,-0.6122472911
8/1/1996,5.22,2.599009901,5.1,3.5344827586,5.4086849277,4.3526816875,-3.6513648732,6.64,2.96,21.7970049917,-0.6944597107
9/1/1996,5.30,2.6526835287,5.2,3.656462585,5.5032226078,4.1268692044,-4.1022487702,6.83,3.05,31.5962698848,1.044909344
10/1/1996,5.24,2.5798525799,5.2,3.2203389831,6.267002919,4.1876233084,-4.8106629005,6.53,2.83,42.7752293578,0.0938873725
11/1/1996,5.31,2.5766871166,5.4,3.5593220339,5.8529284336,4.6000828844,-4.4967503952,6.20,2.48,31.7954419122,-0.5985290898
12/1/1996,5.29,2.6429010449,5.4,3.888419273,5.4998925802,4.8327443084,-4.0687082502,6.30,2.60,33.3508403361,-1.9054699028
1/1/1997,5.25,2.5091799266,5.3,3.6073825503,6.3810213549,4.8492324561,-3.742700407,6.58,2.84,33.3156779661,-4.6735018237
2/1/1997,5.19,2.496954933,5.2,3.8655462185,5.8493822851,4.8349477266,-3.5268583831,6.42,2.75,16.4656528579,-10.9533364496
3/1/1997,5.39,2.4863553669,5.2,4.2052144659,5.4114386883,4.5437303566,-4.3649373882,6.69,2.79,-1.7322097378,-14.4520362683
4/1/1997,5.51,2.6666666667,5.1,3.6758563074,4.8015903357,4.6783783057,-5.0627319314,6.89,2.83,-16.3343232923,-11.147553936
5/1/1997,5.50,2.5439127801,4.9,3.8493723849,4.5186003964,4.5712270421,-4.6297133556,6.71,2.70,-1.9764705882,-12.2593177942
6/1/1997,5.56,2.4213075061,5,3.5863219349,5.0345470811,4.5033896481,-4.5022421525,6.49,2.46,-6.2591687042,-12.2172550354
7/1/1997,5.52,2.416918429,4.9,3.6758563074,5.6332688881,4.6512251354,-4.0424957234,6.22,2.23,-7.9268292683,-11.5355781633
8/1/1997,5.54,2.2919179735,4.8,3.9134054954,5.9030005661,5.3751070205,-2.6054477544,6.30,2.28,-9.2440801457,-15.562673621
9/1/1997,5.54,2.1634615385,4.9,3.6915504512,5.7443609023,5.5518412537,-2.9495282587,6.21,2.16,-17.5072947061,-16.3897968714
10/1/1997,5.50,2.2754491018,4.7,4.105090312,5.7871624778,5.6835760388,-1.9287833828,6.03,2.07,-14.6184738956,-15.8299177435
11/1/1997,5.52,2.1531100478,4.6,4.5008183306,5.7711627907,5.6814580032,-1.2231009748,5.88,1.90,-14.9304091101,-14.7159538404
12/1/1997,5.50,2.2155688623,4.7,3.9056143206,5.8259436844,5.5873513655,-0.7505878097,5.81,1.82,-27.8456085073,-18.9282631297
1/1/1998,5.56,2.2089552239,4.6,3.967611336,5.1426889179,5.8171455463,-0.7077856421,5.54,1.63,-33.6114421931,-21.8123828541
2/1/1998,5.51,2.2578728461,4.6,4.2071197411,5.326419554,6.3918335296,-0.0562429696,5.57,1.74,-27.6902296263,-18.5228404438
3/1/1998,5.49,2.1301775148,4.7,4.1969330105,5.4293851322,6.683944538,0.6266367377,5.65,1.83,-28.442115293,-14.0466224018
4/1/1998,5.45,2.1251475797,4.3,4.1901692184,6.0206463851,6.8953996402,1.228478362,5.64,1.88,-21.7038539554,-16.019978841
5/1/1998,5.49,2.244536326,4.4,4.3513295729,6.910635815,7.1057956727,1.5265004267,5.65,1.81,-28.6605856937,-10.4869750974
6/1/1998,5.56,2.2458628842,4.5,4.0257648953,6.8681816534,7.0689388869,0.9767092412,5.50,1.57,-28.7428273344,-13.1150675293
7/1/1998,5.54,2.2418879056,4.5,4.1095890411,6.1474968599,7.024105336,0.788140364,5.46,1.61,-28.2730514519,-14.2550926696
8/1/1998,5.55,2.4764150943,4.5,4.2467948718,6.0444064293,6.7487622191,0.0187073239,5.34,1.59,-32.9653788259,-9.5455186351
9/1/1998,5.51,2.4705882353,4.6,3.8765822785,6.5095278726,7.3703412805,1.0476639924,4.81,1.58,-24.4567963618,-12.2747860709
10/1/1998,5.07,2.2833723653,4.5,3.785488959,6.4403306719,7.8712933754,1.8721633888,4.53,2.11,-32.31420508,-10.5247585434
11/1/1998,4.83,2.3419203747,4.4,3.602192639,6.2882572293,8.205243558,2.225118704,4.83,2.51,-36.2915220625,-8.6989426091
12/1/1998,4.68,2.4018746339,4.4,3.602192639,6.6790287594,8.4795683489,2.159453303,4.65,2.55,-38.4279475983,-3.9504946571
1/1/1999,4.63,2.3948598131,4.3,3.8161993769,6.7321153577,8.5239907101,2.1940381411,4.72,2.66,-25.3740275284,0.8937552562
2/1/1999,4.76,2.0918070889,4.4,3.4161490683,6.6070558764,8.2835141585,1.782029638,5.00,2.63,-25.2179327522,-0.6678272465
3/1/1999,4.81,2.0857473928,4.2,3.2532920217,6.6614718615,7.8247983675,2.0076215262,5.23,2.72,-2.396804261,-3.4417323694
4/1/1999,4.74,2.1965317919,4.3,3.6349574633,7.065320236,7.7969850696,2.3811712788,5.18,2.74,12.3056994819,-3.2537808817
5/1/1999,4.74,2.0219526285,4.2,3.7837837838,6.6532498763,7.6977110331,2.3907358984,5.54,2.98,19.4481830417,-8.4060507361
6/1/1999,4.76,2.0809248555,4.3,3.7151702786,6.5234348504,7.6312752452,2.1391369048,5.90,3.26,30.9663250366,-7.3717751234
7/1/1999,4.99,2.077322562,4.3,3.8699690402,6.6586652242,7.7359438953,2.1411282815,5.79,2.96,42.5426136364,-10.5469053804
8/1/1999,5.07,1.8987341772,4.2,3.5357417371,6.7854142161,7.5280070404,2.1976994295,5.94,3.08,59.1317365269,-12.5228585194
9/1/1999,5.22,2.009184845,4.2,3.808073115,6.9361460663,6.9965548162,1.4571268448,5.92,2.98,59.7324414716,-9.6020918856
10/1/1999,5.20,2.0606754436,4.1,3.7993920973,6.7277373959,6.5787011042,1.6428438834,6.11,3.18,57.3314801946,-8.3803765028
11/1/1999,5.42,2.0594965675,4.1,3.4013605442,7.0250053784,6.0516468795,1.3661202186,6.03,2.73,94.3190661479,5.0460821254
12/1/1999,5.30,1.9450800915,4,3.7037037037,7.7071922862,5.991466837,2.408134142,6.28,2.89,131.2056737589,-0.2014856533
1/1/2000,5.45,1.9965772961,4,3.8259564891,7.6339132003,5.9443584373,2.0835220582,6.66,2.88,117.9631114675,-2.6135082128
2/1/2000,5.73,2.1627774616,4.1,3.7537537538,8.4935217519,5.7754350888,1.1242167342,6.52,2.56,144.379683597,-0.9544691255
3/1/2000,5.85,2.4404086266,4,3.8259564891,9.0118025229,6.2859074011,1.0387243736,6.26,2.52,103.8881309686,4.6469545226
4/1/2000,6.02,2.3190045249,3.8,4.1791044776,7.6708014654,6.7758051566,1.086566092,5.99,2.38,48.4429065744,0.1610061365
5/1/2000,6.27,2.4348810872,4,3.4970238095,7.7365912943,5.9959966714,0.3648303539,6.44,2.63,62.1408450704,-0.9407999748
6/1/2000,6.53,2.4915062288,4,3.8059701493,7.8272497174,5.8392530045,0.3278091422,6.10,1.95,77.9206260481,-0.5917424841
7/1/2000,6.54,2.4872809497,4,4.0983606557,7.6741421666,5.634178312,0.5103900838,6.05,1.81,48.3308420528,9.1682099168
8/1/2000,6.50,2.5974025974,4.1,3.711952487,7.4573550702,5.8529463812,0.1555636896,5.83,1.76,46.8485418627,10.1307119138
9/1/2000,6.52,2.5886325267,3.9,3.8884812913,7.8924368699,6.3207110249,0.2393665992,5.80,1.83,41.8760469012,6.844907893
10/1/2000,6.51,2.5238362311,3.9,4.2459736457,7.5942281378,6.1221353938,-0.2648159985,5.74,1.83,46.1130742049,3.4808182814
11/1/2000,6.51,2.5784753363,3.9,4.1666666667,7.2256927264,5.897983186,-1.8778077269,5.72,1.77,37.7653183821,-13.2100101708
12/1/2000,6.40,2.581369248,3.9,4.2274052478,6.2558996376,6.1887848455,-3.1788886953,5.24,1.62,9.1257668712,-9.4198411838
1/1/2001,5.98,2.6286353468,4.2,3.6849710983,6.7802032081,6.5520575911,-2.3515839915,5.16,1.95,8.8300220751,-4.1764609591
2/1/2001,5.49,2.7298050139,4.2,4.1968162084,5.7244273317,7.1161611822,-0.6925460179,5.10,2.38,0.8858603066,-6.5553635373
3/1/2001,5.31,2.6592797784,4.3,4.1907514451,4.5764579734,7.6142024377,0.2074127514,4.89,2.53,-8.8658414185,-12.9089736386
4/1/2001,4.80,2.5981205086,4.4,3.8681948424,5.0022384719,7.6200025066,0.0888336146,5.14,3.27,6.487956488,-8.1727468492
5/1/2001,4.21,2.5428413488,4.3,4.0258806614,5.1341803717,7.9802244902,1.2995274446,5.39,3.86,-0.4864489229,-6.8620641756
6/1/2001,3.97,2.7071823204,4.5,3.9539899353,4.7758946498,8.4444913466,2.2236340534,5.28,4.00,-13.2893496701,-1.1753716821
7/1/2001,3.77,2.7027027027,4.6,3.7938439513,4.6440084196,8.6693166761,3.3460282916,5.24,4.20,-11.1521666107,-5.1267406502
8/1/2001,3.65,2.6967528894,4.9,3.7938439513,4.6480296396,8.7202741673,4.5682960256,4.97,4.20,-12.0115310698,-5.1197734791
9/1/2001,3.07,2.6330224904,5,3.7429378531,2.0497316689,10.2263062914,9.6252755327,4.73,4.96,-23.6127508855,-0.6796920275
10/1/2001,2.49,2.6258205689,5.3,3.0898876404,4.7777328169,9.5563139932,6.1344076177,4.57,5.42,-32.8597339782,3.2159573357
11/1/2001,2.09,2.7868852459,5.5,3.3684210526,3.9671209172,10.2278803834,7.041479718,4.65,5.72,-42.8197674419,4.7769883654
12/1/2001,1.82,2.7352297593,5.7,3.5664335664,3.021879612,10.2696128117,8.7073850859,5.09,6.23,-32.0801124385,3.8569658649
1/1/2002,1.73,2.5613079019,5.7,3.275261324,2.9658478131,9.4223943207,8.3060705198,5.04,6.14,-33.5023664638,1.5079511029
2/1/2002,1.74,2.6030368764,5.7,2.9166666667,3.277709018,9.1840622431,8.120756102,4.91,6.15,-29.9560959135,5.9524318226
3/1/2002,1.73,2.4284943335,5.7,2.8432732316,3.6256960169,8.2179368487,7.7033837293,5.28,6.38,-10.3524229075,12.848378448
4/1/2002,1.75,2.5323275862,5.9,2.4137931034,4.3972598846,6.915492411,6.2305848939,5.21,6.28,-4.1590660343,11.8051622928
5/1/2002,1.75,2.5336927224,5.8,2.5570145128,3.3699933645,7.5653370014,6.3963398224,5.16,6.34,-5.656424581,16.1502990458
6/1/2002,1.75,2.2592791824,5.8,3.0428769018,3.7902805371,7.2614390533,6.0729823315,4.93,6.20,-7.5362318841,15.5931956617
7/1/2002,1.73,2.2019334049,5.8,2.6206896552,4.4308782985,7.451276394,5.3259629727,4.65,6.17,1.8525519849,18.7627883798
8/1/2002,1.74,2.3579849946,5.7,2.9655172414,4.2386756413,7.5364714475,3.3027522936,4.26,5.84,3.3127047688,17.1308946982
9/1/2002,1.75,2.244788883,5.7,2.9271613342,5.2630832908,5.7547187565,-0.6534852547,3.87,5.65,14.6445131376,13.7126297309
10/1/2002,1.75,2.2388059701,5.7,3.0653950954,3.0219856004,6.8328141225,3.226363009,3.94,5.98,29.8964430437,12.8585462559
11/1/2002,1.34,1.9670388091,5.9,2.9871011541,4.0251886374,6.914824144,3.1052181352,4.05,6.28,33.5536349771,11.7979252348
12/1/2002,1.24,1.9169329073,6,3.0384875084,5.0431154381,6.1897933672,3.0616466694,4.03,6.21,52.1986549405,15.5682854142
1/1/2003,1.24,1.912858661,5.8,3.1039136302,5.0126771686,6.2702742554,2.8108743078,4.05,6.11,67.4631418404,20.7643239223
2/1/2003,1.26,1.7441860465,5.9,3.6437246964,4.3238701324,6.3949751143,3.980310617,3.90,5.80,72.9508196721,26.6535458476
3/1/2003,1.25,1.6859852476,5.9,3.3041132839,4.8208666016,6.55272211,4.0106951872,3.81,5.70,37.3873873874,21.6084820711
4/1/2003,1.26,1.4713610089,6,2.962962963,4.3032563712,7.3014432241,5.213468126,3.96,5.59,7.5371145794,16.0391998418
5/1/2003,1.26,1.5772870662,6.1,3.0323450135,4.7447349013,7.9740591889,6.7706576728,3.57,5.12,4.1450777202,8.3686970331
6/1/2003,1.22,1.525512888,6.3,2.8187919463,4.8438115149,8.2268834374,7.5081610446,3.33,4.97,20.3761755486,13.0137095201
7/1/2003,1.01,1.5239096164,6.2,2.8225806452,4.8436195146,8.2080008646,7.2642452516,3.98,5.61,14.1796585004,11.0021215124
8/1/2003,1.03,1.3089005236,6.1,2.6791694575,5.7712444623,8.3845713877,9.2700668189,4.45,5.98,11.310782241,11.8627851998
9/1/2003,1.01,1.2023000523,6.1,2.1825396825,6.0314296872,7.4025303842,8.4415584416,4.27,5.78,-4.6511627907,15.7871355179
10/1/2003,1.01,1.3034410845,6,2.0489094514,5.6404214585,6.3869645129,7.6800935985,4.29,5.72,5.129982669,18.8391125813
11/1/2003,1.00,1.0948905109,5.8,2.3731048121,6.0081602176,5.5409155163,7.3259769352,4.30,5.66,18.3479253902,19.6830560589
12/1/2003,0.98,1.1494252874,5.7,1.5072083879,5.5835076662,5.060332739,6.9610598153,4.27,5.62,9.2794017675,22.2221393573
1/1/2004,1.00,1.1470281543,5.7,1.8979057592,6.0399762517,4.5648478962,6.218885171,4.15,5.44,4.0376442016,22.3143742946
2/1/2004,1.01,1.2467532468,5.6,1.5625,6.5820745748,4.5933955913,6.6193274567,4.08,5.26,-3.1502648453,16.1494744376
3/1/2004,1.00,1.6062176166,5.8,1.5665796345,6.4700098328,4.8617161209,7.4469794344,3.83,5.11,9.5678092399,12.5578808315
4/1/2004,1.00,1.7607457276,5.6,2.0274689339,6.2636229557,4.9892567716,6.6306678313,4.35,5.46,29.8761061947,18.8578853048
5/1/2004,1.00,1.7080745342,5.6,2.2890778286,7.0893965472,5.2178326707,5.2752112454,4.72,5.75,43.1414356787,23.3518429652
6/1/2004,1.03,1.8652849741,5.6,1.6971279373,6.2372942806,4.6457432183,4.8972282778,4.73,5.75,23.7630208333,8.0324226105
7/1/2004,1.26,1.7598343685,5.5,1.9607843137,6.2552994681,3.9966043012,3.9530910221,4.50,5.36,32.2821846554,9.7692568467
8/1/2004,1.43,1.7054263566,5.4,2.2178734508,5.2735787991,3.385609921,4.6675439275,4.28,5.03,42.2602089269,13.5919097264
9/1/2004,1.61,1.9628099174,5.4,2.2653721683,6.3373126746,4.415395066,4.89151567,4.13,4.66,62.4248851184,11.4600815709
10/1/2004,1.76,2.0072053525,5.5,2.5259067358,6.6826350341,5.0516628459,4.8506014746,4.10,4.45,75.1730959446,7.0060828564
11/1/2004,1.93,2.1660649819,5.4,2.0605280103,6.3896156168,5.3889146108,5.9601113173,4.19,4.27,55.87005468,10.8458857528
12/1/2004,2.16,2.1694214876,5.4,2.5177533893,6.799342889,5.7245493194,5.1794024921,4.23,3.99,34.7744945568,12.5215507199
1/1/2005,2.28,2.2680412371,5.3,2.7617212588,6.0206785861,5.7007795654,4.5870149827,4.22,3.74,36.679311351,8.6588834444
2/1/2005,2.50,2.3601847101,5.4,2.3076923077,6.2387730578,5.1970557169,3.7051213351,4.17,3.32,38.0829015544,2.3123937319
3/1/2005,2.63,2.3457419684,5.2,2.6349614396,6.1753478636,4.7975889875,3.2822429907,4.50,3.43,47.7421109902,4.6203641934
4/1/2005,2.79,2.2391857506,5.2,2.6923076923,7.0538960401,4.365411886,1.9511468573,4.34,3.26,44.5625511038,6.9902331344
5/1/2005,3.00,2.1882951654,5.1,2.621483376,5.6946998015,3.3575069546,2.7004725827,4.14,3.01,23.7090367428,5.9998706164
6/1/2005,3.04,2.0345879959,5,2.567394095,6.9558540331,3.8098594934,2.7239664514,4.00,2.82,47.9747501315,10.1444462722
7/1/2005,3.26,2.1363173957,5,2.9487179487,7.2206705599,4.012676665,1.9798281659,4.18,2.69,44.2614893094,9.8327561302
8/1/2005,3.50,2.1341463415,4.9,2.5526483727,6.9709683642,4.0403879283,1.7970714391,4.26,2.46,44.5705384958,6.6018143228
9/1/2005,3.62,1.9756838906,5,2.7215189873,6.5758987221,4.0112976421,1.0602016607,4.20,2.41,42.6985854189,9.4067129139
10/1/2005,3.78,2.068617558,5,3.3480732786,6.4350966393,4.0860861177,1.0436713546,4.46,2.52,17.3913043478,12.4651720794
11/1/2005,4.00,2.1201413428,5,2.9022082019,6.2576846685,3.9146465835,0.1823885606,4.54,2.39,20.3054065208,11.8744617198
12/1/2005,4.16,2.1739130435,4.9,3.0856423174,5.9918980802,4.0570448878,-0.3068798173,4.47,2.16,37.1567043619,8.5658381042
1/1/2006,4.29,2.1169354839,4.7,3.25,6.7936440877,4.7342570653,1.0285042609,4.42,1.95,39.8590947908,15.0005912421
2/1/2006,4.49,2.0551378446,4.8,3.5087719298,6.5184183215,4.9842330682,0.5167195689,4.57,1.78,28.4761309152,29.5588882601
3/1/2006,4.59,2.0926756353,4.7,3.5691922354,6.3276311974,5.1500077724,0.9410742725,4.72,1.82,15.8166083594,31.1946484661
4/1/2006,4.79,2.2896963664,4.7,4.2446941323,5.8215445336,5.4211379603,1.7750182615,4.99,1.89,31.3914027149,28.2857392763
5/1/2006,4.94,2.4402390438,4.6,3.4890965732,6.6066861738,5.2631578947,1.6580235191,5.11,1.81,42.3640377283,42.5763384543
6/1/2006,4.99,2.6420737787,4.6,4.0050062578,5.7946736864,5.2411451501,-0.3829479769,5.11,1.79,26.1286882332,60.0295689004
7/1/2006,5.24,2.6892430279,4.7,4.2341220423,5.5537387657,5.2643727687,0.2344322344,5.09,1.52,26.7632027257,38.9483080076
8/1/2006,5.25,2.8358208955,4.7,4.1070317362,5.5902441224,5.1575316213,-0.4576825282,4.88,1.34,12.4365091581,49.0523731312
9/1/2006,5.25,2.9309488326,4.5,4.1281577326,5.2702945,5.0511060259,-1.181131245,4.72,1.18,-2.5926490773,44.2659121587
10/1/2006,5.25,2.7187345526,4.4,3.9731051345,5.0638421358,5.2656366316,-0.3809244744,4.73,1.17,-5.595638929,31.6302115526
11/1/2006,5.25,2.619871478,4.5,4.1079092581,4.934521624,5.5594141628,-0.3713952811,4.60,0.95,1.8353344768,24.7902177591
12/1/2006,5.24,2.5729836714,4.4,4.2150274893,5.4249567953,5.8400611117,-0.6872360226,4.56,0.98,4.3748948343,31.5013302564
1/1/2007,5.25,2.669792695,4.6,3.813559322,4.9779672751,5.8387270766,-0.4726585224,4.76,1.09,-16.6997404976,23.5738817769
2/1/2007,5.26,2.7072691552,4.5,4.0556900726,4.9930484854,5.7368719926,-1.0721891753,4.72,1.02,-3.8455297745,14.7277084379
3/1/2007,5.26,2.4514397267,4.4,4.1717049577,5.0555731286,6.0405363452,-1.1761331038,4.56,1.01,-3.720190779,19.7266512756
4/1/2007,5.25,2.3411192214,4.5,3.8922155689,4.8496741947,6.3697346066,-0.0933036676,4.69,1.14,-8.2077772995,17.7087216249
5/1/2007,5.25,2.2440447253,4.4,4.0939193257,4.9145784031,6.5282293822,-0.4742060641,4.75,1.14,-10.5441217931,11.1391366411
6/1/2007,5.25,2.2214667314,4.6,4.1516245487,4.7340528663,6.343945682,-0.6020163923,5.10,1.45,-4.9041713641,-1.2499868071
7/1/2007,5.26,2.2095053346,4.7,4.1218637993,4.2647750096,6.050727286,0,5.00,1.39,-0.3090982395,9.6699746134
8/1/2007,5.02,2.1340106434,4.6,4.0645546922,4.611147877,6.6351747365,0.1605605021,4.67,1.63,-0.9034907598,5.0818851587
9/1/2007,4.94,2.1370656371,4.7,4.3195266272,4.7222133512,6.5102162327,0.6607275427,4.52,1.65,25.1448254266,5.2208647462
10/1/2007,4.76,2.1742059673,4.7,3.468547913,4.6806114753,6.0052822237,0.6691668505,4.53,1.72,46.3994565217,18.4112305257
11/1/2007,4.49,2.3289980732,4.7,3.82803298,5.2739842226,5.8974138917,0.1461881441,4.15,1.91,59.3734209197,28.6087714496
12/1/2007,4.24,2.4389773275,5,4.0445486518,4.5300267956,5.7329257592,0.5189937288,4.10,2.41,47.8800580364,28.9532746199
1/1/2008,3.94,2.4657586931,5,3.7900874636,4.292847348,5.7360456392,0.5041280047,3.74,2.60,70.3316840755,27.6571285245
2/1/2008,2.98,2.2734228547,4.9,3.8394415358,3.8046878258,6.7215964498,1.3658971123,3.74,3.84,60.9011137361,40.8393575021
3/1/2008,2.61,2.3546729039,5.1,4.1787579803,3.8685161344,7.1463424835,1.6473149492,3.51,4.28,74.3064729194,38.9685549721
4/1/2008,2.28,2.2576089696,5,3.4005763689,3.8673918888,6.4977624785,1.0201149425,3.68,4.69,75.9731123964,48.0513374555
5/1/2008,1.98,2.3127103977,5.4,3.7015615963,3.9592538805,6.5013804681,0.7868899798,3.88,4.95,97.5890324614,34.057267137
6/1/2008,2.00,2.4131246615,5.6,3.8705950318,4.3822570526,6.1654508598,2.6634559253,4.10,5.07,98.4736218139,33.0408992127
7/1/2008,2.01,2.509537095,5.8,3.2702237522,4.0114348949,6.3037604764,3.5886566291,4.01,5.15,79.8867619304,35.6590413943
8/1/2008,2.00,2.541317127,6.1,3.8483630098,3.4661143195,5.4074377905,2.0766540367,3.89,5.15,61.0857853295,41.4723614187
9/1/2008,1.81,2.4732077041,6.1,3.4032898469,2.4975857687,6.1177465096,6.2836492367,3.69,5.50,29.9887401476,26.4635268286
10/1/2008,0.97,2.2160155992,6.5,3.6931818182,1.3131856422,7.4336283186,6.8078889701,3.81,7.91,-11.0788863109,16.0805260778
11/1/2008,0.39,2.002965613,6.8,4.2541123086,-0.779566102,7.7976632674,10.45179184,3.53,8.82,-39.294018178,7.731782021
12/1/2008,0.16,1.763077097,7.3,3.5492957746,-2.0447143029,9.7466304391,17.0240229473,2.42,8.27,-55.2818052982,-6.2428125975
1/1/2009,0.15,1.680132121,7.8,3.7640449438,-1.7173197366,10.3704497075,14.8807792963,2.52,7.99,-55.0941366326,2.0310703078
2/1/2009,0.22,1.7856975863,8.3,3.8655462185,-1.808009482,9.550673394,13.6287074332,2.87,7.86,-58.9302569481,-3.3857219048
3/1/2009,0.18,1.7559781445,8.7,3.5097493036,-2.6119030007,9.3956151194,13.8359391733,2.82,8.24,-54.547176961,1.674720955
4/1/2009,0.15,1.899013759,9,3.2887402453,-3.0135595245,8.7052647911,15.7232257147,2.93,8.24,-55.7697432709,-4.6409950601
5/1/2009,0.18,1.8347430059,9.4,3.123257111,-3.3051628308,9.3625835363,15.8584628608,3.29,7.88,-52.8192040833,-2.0773913997
6/1/2009,0.21,1.7304328866,9.5,2.5027808676,-3.3676867598,9.2079285083,18.0823086218,3.72,7.29,-47.9728216232,4.2435274183
7/1/2009,0.16,1.5297738897,9.5,2.7777777778,-3.1119780122,8.5908424861,16.9265504833,3.56,6.93,-51.9709232614,6.5507323607
8/1/2009,0.16,1.4412683161,9.6,2.9314159292,-1.7593167855,8.3507361048,17.8456706403,3.59,6.42,-39.0618300317,-0.7326701114
9/1/2009,0.15,1.5101769789,9.8,2.6330224904,-2.0608536972,7.4327710038,13.8435917008,3.40,6.16,-33.1472569779,12.9835938778
10/1/2009,0.12,1.7085746672,10,2.7397260274,-0.5879819298,6.3692814599,13.7874435782,3.39,6.17,-1.0828440965,20.7926384087
11/1/2009,0.12,1.7047394896,9.9,2.6115342764,0.9633344161,6.117181235,11.1940791647,3.40,6.20,35.9331476323,28.3823606287
12/1/2009,0.12,1.8162887552,9.9,2.5027203482,2.6313088812,3.8038904811,5.6437281696,3.59,6.25,81.1311555339,48.5939232855
1/1/2010,0.11,1.5536247399,9.8,2.6529507309,2.1578619499,2.2816870656,5.9102702019,3.73,6.14,87.3981792046,38.4261343013
2/1/2010,0.13,1.340009647,9.8,2.3193096009,2.6494266395,2.4599576911,8.5846867749,3.69,6.21,95.1481103166,30.5282516065
3/1/2010,0.16,1.1068473603,9.9,1.8837459634,3.619045664,1.6199628907,8.4415177172,3.73,6.11,69.3205502293,16.6039291842
4/1/2010,0.20,0.9231415103,9.9,2.4824608743,3.7467023887,1.9137219454,5.4200208935,3.85,6.05,69.6726250251,20.4717103448
5/1/2010,0.20,0.9423715819,9.6,2.9204975663,3.8986854104,1.8582489577,5.5765069552,3.42,5.85,24.8140635565,28.6572472799
6/1/2010,0.18,0.903854836,9.4,2.5501899078,3.6532892859,1.9660549258,4.2496839824,3.20,6.05,8.1371986223,29.936258713
7/1/2010,0.18,0.8698427171,9.4,2.4324324324,3.549495689,2.0216856536,3.6688390056,3.01,5.83,19.1605554689,30.0245782728
8/1/2010,0.19,0.8902712253,9.5,2.3105857066,2.8629076783,2.6468581279,5.3485977346,2.70,5.47,8.1058260625,28.0141472665
9/1/2010,0.19,0.8040447539,9.5,2.1913415286,3.9846487231,3.0448717949,6.1197123004,2.65,5.47,8.4221134466,27.8003460468
10/1/2010,0.19,0.6106980895,9.4,2.5066666667,4.2228402152,3.3763820053,6.20266859,2.54,5.53,8.0189923503,27.599986315
11/1/2010,0.19,0.7682045884,9.8,1.8557794274,4.5615869537,3.2306057386,8.6527604445,2.76,5.73,7.7612704918,28.7183372407
12/1/2010,0.18,0.8044540393,9.3,1.9639065817,4.3547387157,3.6821204502,8.5208816705,3.29,5.92,19.8384925976,21.8151929682
1/1/2011,0.17,0.9500831493,9.1,2.7426160338,4.7113981246,4.570683112,10.8382625321,3.39,5.92,14.3185885963,22.7750915136
2/1/2011,0.16,1.0920118585,9,2.1085925145,4.7604811305,4.4714487966,10.292022792,3.58,5.99,17.2206228736,21.51709354
3/1/2011,0.14,1.1901799972,9,2.06022187,4.833836858,4.9708560594,10.4042565497,3.41,5.89,26.7109798129,25.1425898887
4/1/2011,0.10,1.3347440384,9.1,2.1063717746,5.12224322,5.3124197652,11.7749927135,3.46,5.92,30.2556818182,27.5462579533
5/1/2011,0.09,1.5104456289,9,2.1544929059,5.0580856393,5.1841889837,13.2341746208,3.17,5.69,37.2291440953,28.3815978193
6/1/2011,0.09,1.6387589542,9.1,2.0105820106,5.0216901602,5.9489093666,12.8067440383,3.00,5.66,27.7903118779,25.5634863059
7/1/2011,0.07,1.7653598966,9,2.2691292876,5.3297722966,8.0997249371,16.0651920838,3.00,5.69,27.2620138798,24.0183458491
8/1/2011,0.10,1.9512437317,9,1.5756302521,4.864791014,9.983205822,20.8256669733,2.30,5.26,12.3795886488,31.147674789
9/1/2011,0.08,1.9747011135,9,1.9874476987,5.0803883571,9.899955897,20.5399195864,1.98,5.19,13.6768025495,44.9980869412
10/1/2011,0.07,2.100153549,8.8,2.2372528616,4.6782099249,9.7061196266,20.4131295982,2.15,5.30,5.5067155067,40.0473327935
11/1/2011,0.08,2.1533071862,8.6,1.7699115044,4.1241177715,9.8346029785,18.3558496964,2.01,5.06,15.5336344188,24.1739639097
12/1/2011,0.07,2.2295362835,8.5,1.8219677251,3.7485267485,9.9027740005,18.002031108,1.98,5.18,10.7030548068,26.5488704988
1/1/2012,0.08,2.2774634638,8.3,1.386036961,4.113721634,10.3670016105,19.0609670638,1.97,5.15,12.1002012972,18.6014266798
2/1/2012,0.10,2.1765742497,8.3,1.4971605576,4.4090788022,10.1852060982,18.071251749,1.97,5.04,14.1437820942,21.7291929727
3/1/2012,0.13,2.2553533909,8.2,1.7598343685,3.8144281192,10.0897585995,17.6270298586,2.17,5.10,3.1571789392,27.1114525752
4/1/2012,0.14,2.313513417,8.2,2.1144920062,3.6970803607,9.9226489949,18.2894393742,2.05,5.05,-6.0977826245,17.7256476392
5/1/2012,0.16,2.2571191891,8.2,0.9259259259,3.3530146155,9.5449340138,16.2538139318,1.80,4.91,-6.5429783874,11.8085533071
6/1/2012,0.16,2.2179633689,8.2,1.5560165975,3.0066314488,9.3295166795,16.2205046834,1.62,4.86,-14.4147886593,4.8225591313
7/1/2012,0.16,2.1002469311,8.2,1.7543859649,2.8693682356,8.0125602295,16.0531594784,1.53,4.71,-9.5277291902,4.4002181063
8/1/2012,0.13,1.9134561747,8.1,1.2926577042,2.878387433,6.4493552766,11.0783287332,1.68,4.78,9.0698482567,1.5465409873
9/1/2012,0.14,1.9846302737,7.8,1.8461538462,3.1545975201,7.028048832,12.3367959592,1.72,4.70,10.6412802243,-7.605466429
10/1/2012,0.16,1.999179688,7.8,0.7633587786,2.9286268425,7.3083872594,13.5357428209,1.75,4.42,3.6569841454,-2.1746427819
11/1/2012,0.16,1.9412939315,7.7,1.4833759591,3.0751613767,7.3981504624,11.5901843893,1.65,4.35,-10.8527929225,4.7038374562
12/1/2012,0.16,1.8933580312,7.9,1.9938650307,3.3175399222,8.2722426717,13.6612764415,1.72,4.47,-10.4697169524,-0.6696516241
1/1/2013,0.14,1.9253026576,8,1.4683544304,2.9324383803,7.6534963777,12.3194639381,1.91,4.59,-5.5367118915,2.0945472031
2/1/2013,0.15,2.0042569065,7.7,2.0854526958,2.797948232,7.1026658057,11.9051959891,1.98,4.70,-6.7775061125,0.9535155454
3/1/2013,0.14,1.8873368745,7.5,1.8819938962,2.49745158,7.3237182733,11.1779113783,1.96,4.71,-12.3740465204,-6.4487433411
4/1/2013,0.15,1.7151977951,7.6,1.4141414141,2.146604462,7.1175094766,12.0447932281,1.76,4.44,-10.8971257137,-5.017401038
5/1/2013,0.11,1.6811700247,7.5,1.8858307849,2.4449833338,7.0568772329,11.9884341637,1.93,4.62,0.1055966209,-9.8653817137
6/1/2013,0.09,1.6360781107,7.5,2.5025536261,2.9352392384,6.8698139048,11.0851757245,2.30,5.10,16.2480281519,-10.6598527288
7/1/2013,0.09,1.696006403,7.3,1.5720081136,2.7929568913,6.7786075886,9.8612851649,2.58,5.23,18.9696349369,-15.8515024574
8/1/2013,0.08,1.7645832247,7.3,2.2460438999,2.8521289202,6.6573028111,8.6367920487,2.74,5.34,13.1796941376,-19.3645997962
9/1/2013,0.08,1.7341190744,7.2,2.2155085599,2.6313898122,6.3109909519,8.3308589608,2.81,5.39,12.2149493243,-17.2625538402
10/1/2013,0.09,1.6802435186,7.2,2.3232323232,2.8758064371,6.7107852255,8.2957320859,2.62,5.22,12.2474042648,-22.5876954683
11/1/2013,0.08,1.7209843339,6.9,2.3185483871,3.4071870772,6.1244278954,7.8726135752,2.72,5.30,8.3083314101,-24.734227954
12/1/2013,0.09,1.7170707215,6.7,2.2055137845,3.3924820096,5.4328159223,8.1257721277,2.90,5.29,10.6288951841,-25.9190429432
1/1/2014,0.07,1.6212458767,6.6,2.2954091816,3.000338518,5.6546681557,8.8036117381,2.86,5.12,-0.0739254409,-27.6028556278
2/1/2014,0.07,1.5673401253,6.7,2.9895366218,3.0878312506,6.413458502,10.1132290648,2.71,5.03,5.7700377675,-25.6487636448
3/1/2014,0.08,1.6567118068,6.7,2.8956565152,4.0225190026,6.1218326806,10.9713599039,2.72,4.98,8.3288554541,-20.3579778468
4/1/2014,0.09,1.8320499408,6.2,2.390438247,4.4713388248,6.3358807364,10.4430628787,2.71,4.81,10.8613011839,-15.9931475202
5/1/2014,0.09,1.9562070059,6.3,2.4512256128,4.5267964005,6.5755918127,10.3992055611,2.56,4.67,7.7848101266,-12.5667382387
6/1/2014,0.10,1.933316213,6.1,2.3418036871,4.7189978976,6.5111282815,11.8701185426,2.60,4.70,10.4279749478,-8.9842883083
7/1/2014,0.09,1.8589173282,6.2,2.3964053919,4.7200500745,6.6430710591,11.6351335405,2.54,4.64,-0.9750501864,-4.8292885338
8/1/2014,0.09,1.7237404913,6.2,2.4463305042,5.2391338763,6.3856018082,9.9061440177,2.42,4.60,-9.4116543117,2.2300270819
9/1/2014,0.09,1.7288378155,5.9,1.8226600985,4.8556097305,6.1683821687,10.8657347586,2.53,4.71,-12.305955405,-3.5718154783
10/1/2014,0.09,1.8076900179,5.7,2.1717670286,5.0962913861,5.5621812044,9.3880203356,2.30,4.60,-16.0533121146,-7.9449445858
11/1/2014,0.09,1.702494867,5.8,2.7093596059,4.7972621729,5.8331201345,9.7128378378,2.33,4.70,-19.2520775623,-6.910895183
12/1/2014,0.12,1.6063829787,5.6,1.4222658166,4.4648106519,5.9305423836,10.1540616246,2.21,4.62,-39.2707159685,-7.9069084741
1/1/2015,0.11,1.6489142488,5.7,2.0487804878,4.2734081749,5.948304679,8.835951393,1.88,4.34,-50.0951173114,-1.7311100359
2/1/2015,0.11,1.6977655406,5.5,1.6448959845,3.9212820469,6.2553394304,10.0906232661,1.98,4.40,-49.8313826622,0.5040070695
3/1/2015,0.11,1.7533862642,5.4,1.9893255701,3.7414849845,6.0496923132,9.0239676581,2.04,4.43,-52.5595238095,-5.2061175972
4/1/2015,0.12,1.8075104522,5.4,1.9941634241,3.6054809434,5.9778375699,8.0233718113,1.94,4.36,-46.6542568825,-11.6660094366
5/1/2015,0.12,1.7182780249,5.5,2.24609375,3.9660393042,5.6539491358,6.9477926096,2.20,4.77,-41.9945194754,-7.7681990494
6/1/2015,0.13,1.7622828638,5.3,1.5579357352,3.6054123363,5.5575214976,6.9284473899,2.36,5.00,-43.4540126666,-7.0779272816
7/1/2015,0.13,1.8048358515,5.2,2.04778157,3.783305973,5.4880142262,6.9306930693,2.32,5.07,-50.8639830099,-7.4820112811
8/1/2015,0.14,1.8275590022,5.1,2.5341130604,3.256754611,5.7047038786,8.3135988518,2.17,5.05,-55.593536358,-13.8164659133
9/1/2015,0.14,1.8916350208,5,2.0319303338,3.4110830982,5.8510870801,6.4031927668,2.17,5.20,-51.2069520438,-13.8380345488
10/1/2015,0.12,1.9096707363,5,2.4154589372,2.9262625005,5.5107024603,5.1158402348,2.07,5.22,-45.2369668246,-9.3790565468
11/1/2015,0.12,2.0175717247,5,2.1582733813,2.8663078615,5.9078979176,6.8024354398,2.26,5.34,-44.0031666447,-5.4302369154
12/1/2015,0.24,2.0956967857,5,2.5145067698,3.2228696286,5.702543464,4.9553317496,2.24,5.22,-37.2744138978,-7.4824438504
1/1/2016,0.34,2.2069150003,4.9,2.4856596558,3.5068802203,6.1515634726,5.1979439698,2.09,5.11,-32.9097839898,-11.0062774577
2/1/2016,0.38,2.3312771,4.9,1.9990480723,3.4481902792,5.695811505,3.9478547189,1.78,4.96,-40.055357849,-12.3008271078
3/1/2016,0.36,2.1948255049,5,1.9029495718,2.9425075496,6.128883485,5.2145411204,1.89,4.77,-21.4763697198,-2.9410399527
4/1/2016,0.37,2.1463842317,5,2.5751072961,3.7911501519,6.4900031736,6.6457783641,1.81,4.42,-25.160697888,5.5627238961
5/1/2016,0.37,2.240633738,4.7,2.7698185291,3.4818930142,6.7666893991,8.8043331988,1.81,4.31,-21.1911591024,3.6052402104
6/1/2016,0.38,2.2446503874,4.9,2.4448705657,3.8186585028,6.9578772691,7.6262760175,1.64,4.15,-18.4887997325,5.182567235
7/1/2016,0.39,2.189443812,4.9,2.6278069756,3.8035675176,6.9934155074,6.8999604587,1.50,3.83,-12.278978389,7.7252690849
8/1/2016,0.40,2.3189683949,4.9,1.9961977186,3.6347890835,7.2613866649,9.8717991188,1.56,3.84,4.3153720551,18.1912067687
9/1/2016,0.40,2.2074383935,4.9,2.6552868658,4.0985856368,7.282667944,9.4035250772,1.63,3.91,-0.6596306069,19.9849098352
10/1/2016,0.40,2.1448039839,4.8,2.9245283019,4.4935938269,7.5588099631,10.6146737143,1.76,3.98,7.7022933795,17.9316224811
11/1/2016,0.41,2.1108265902,4.6,1.9248826291,4.4501060889,7.3350669677,8.9148810694,2.14,4.30,7.5871819039,9.6624015345
12/1/2016,0.54,2.1966617305,4.7,2.5471698113,4.8060424317,7.0977421775,7.7722519765,2.49,4.29,39.741866093,13.9568860818
